{"CHEBI_36820": "#cd853f", "CHEBI_25806": "#cd853f", "CHEBI_26979": "#cd853f", "CHEBI_33582": "#cd853f", "CHEBI_25384": "#cd853f", "CHEBI_60583": "#cd853f", "CHEBI_46920": "#ffc0cb", "CHEBI_46766": "#ff1493", "CHEBI_49322": "#cd853f", "CHEBI_25693": "#cd853f", "CHEBI_24833": "#cd853f", "Object": "#cd853f", "CHEBI_36853": "#cd853f", "CHEBI_33692": "#cd853f", "CHEBI_23888": "#cd853f", "CHEBI_24400": "#cd853f", "CHEBI_23697": "#cd853f", "CHEBI_24651": "#cd853f", "CHEMINF_000000": "#cd853f", "SCAIVPH_00001152": "#cd853f", "CHEBI_23367": "#cd853f", "CHEBI_36962": "#cd853f", "CHEBI_61120": "#cd853f", "CHEBI_50860": "#cd853f", "CHEBI_38104": "#cd853f", "CHEBI_51143": "#cd853f", "CHEBI_38101": "#cd853f", "CHEBI_35352": "#cd853f", "CHEBI_35350": "#cd853f", "CHEBI_48120": "#cd853f", "CHEBI_46754": "#cd853f", "CHEBI_33635": "#cd853f", "CHEBI_36141": "#cd853f", "CHEBI_46867": "#ff1493", "CHEBI_32988": "#cd853f", "OWLClass_8029e3a4_312f_4130_827e_d330da199ea9": "#cd853f", "CHEBI_26816": "#cd853f", "CHEBI_26079": "#cd853f", "CHEBI_18059": "#cd853f", "CHEBI_35508": "#cd853f", "CHEBI_35507": "#cd853f", "CHEBI_35341": "#cd853f", "CHEBI_37734": "#cd853f", "BFO_0000030": "#cd853f", "CHEBI_47898": "#ffc0cb", "CHEBI_50995": "#cd853f", "CHEBI_50996": "#cd853f", "CHEBI_25703": "#cd853f", "CHEBI_46767": "#cd853f", "CHEBI_47266": "#9400d3", "CHEBI_26766": "#cd853f", "CHEBI_35605": "#cd853f", "CHEBI_38166": "#cd853f", "CHEBI_26255": "#cd853f", "CHEBI_4551": "#ff1493", "CHEBI_46631": "#ff1493", "CHEBI_47042": "#ff1493", "Thing": "#cd853f", "CHEBI_47804": "#cd853f", "CHEBI_47779": "#ffc0cb", "BFO_0000004": "#cd853f", "BFO_0000001": "#cd853f", "BFO_0000002": "#cd853f", "CHEBI_26082": "#cd853f", "CHEBI_33832": "#cd853f", "CHEBI_25367": "#cd853f", "CHEBI_47885": "#ff1493", "CHEBI_47881": "#ff1493", "CHEBI_33405": "#cd853f", "CHEBI_51959": "#cd853f", "CHEBI_36809": "#cd853f", "CHEBI_25710": "#cd853f", "CHEBI_22715": "#cd853f", "CHEBI_37140": "#cd853f", "CHEBI_47019": "#ffc0cb", "CHEBI_33661": "#cd853f", "CHEBI_29256": "#cd853f", "CHEBI_23008": "#cd853f", "CHEBI_61655": "#cd853f", "CHEBI_63161": "#cd853f", "CHEBI_36976": "#cd853f", "CHEBI_46848": "#ff1493", "CHEBI_46845": "#cd853f", "CHEBI_33245": "#cd853f", "CHEBI_37175": "#cd853f", "CHEBI_26020": "#cd853f", "CHEBI_33670": "#cd853f", "CHEBI_33671": "#cd853f", "CHEBI_33674": "#cd853f", "CHEBI_33675": "#cd853f", "CHEBI_46245": "#ffc0cb", "CHEBI_26144": "#cd853f", "CHEBI_33261": "#cd853f", "CHEBI_47909": "#ff1493", "CHEBI_47908": "#ffc0cb", "CHEBI_33608": "#cd853f", "CHEBI_35315": "#cd853f", "CHEBI_36587": "#cd853f", "CHEBI_36586": "#cd853f", "CHEBI_35543": "#cd853f", "CHEBI_38260": "#cd853f", "CHEBI_30879": "#cd853f", "CHEBI_27171": "#cd853f", "CHEBI_25608": "#cd853f", "CHEBI_3992": "#cd853f", "CHEBI_47017": "#cd853f", "CHEBI_46701": "#ff1493", "CHEBI_47788": "#ff1493", "CHEBI_37176": "#cd853f", "CHEBI_47781": "#ff1493", "CHEBI_35871": "#cd853f", "CHEBI_35789": "#cd853f", "CHEBI_63299": "#cd853f", "CHEBI_38418": "#cd853f", "CHEBI_36357": "#cd853f", "CHEBI_36963": "#cd853f", "CHEBI_33575": "#cd853f", "CHEBI_51689": "#cd853f", "CHEBI_51958": "#cd853f", "CHEBI_17087": "#cd853f", "CHEBI_33302": "#cd853f", "CHEBI_33579": "#cd853f", "CHEBI_33304": "#cd853f", "CHEBI_22729": "#cd853f", "CHEBI_33595": "#cd853f", "CHEBI_5686": "#cd853f", "BFO_0000040": "#cd853f", "CHEBI_64709": "#cd853f", "CHEBI_37577": "#cd853f", "CHEBI_33285": "#cd853f", "CHEBI_38092": "#cd853f", "CHEBI_63367": "#cd853f", "CHEBI_24532": "#cd853f", "CHEBI_74634": "#cd853f", "CHEBI_24828": "#cd853f", "CHEBI_24431": "#cd853f", "CHEBI_36688": "#cd853f", "CHEBI_45979": "#ffc0cb", "CHEBI_24436": "#cd853f", "CHEBI_16389": "#cd853f", "CHEBI_26912": "#cd853f", "CHEBI_25754": "#cd853f", "CHEBI_36683": "#cd853f"}