{
    "SO_0000401": "#ff1493",
    "CHEBI_48337": "#cd853f",
    "CHEBI_33582": "#cd853f",
    "SO_0000400": "#ff1493",
    "GO_0044238": "#cd853f",
    "CHEBI_37622": "#cd853f",
    "CHEBI_76878": "#cd853f",
    "CHEBI_75596": "#cd853f",
    "CHEBI_61115": "#cd853f",
    "CHEBI_23217": "#cd853f",
    "CHEBI_64583": "#ff1493",
    "Role": "#cd853f",
    "SO_0000605": "#ff1493",
    "GO_0016265": "#cd853f",
    "GO_1990280": "#ff1493",
    "CHEBI_35441": "#cd853f",
    "CHEBI_36700": "#cd853f",
    "CHEBI_37699": "#ff1493",
    "CHEBI_72695": "#ff1493",
    "CHEBI_25235": "#cd853f",
    "Continuant": "#cd853f",
    "CHEBI_33694": "#cd853f",
    "CHEBI_33695": "#cd853f",
    "Object": "#cd853f",
    "CHEBI_35618": "#cd853f",
    "CHEBI_35352": "#cd853f",
    "CHEBI_50103": "#cd853f",
    "CHEBI_23888": "#cd853f",
    "SO_0001683": "#cd853f",
    "CHEBI_76551": "#cd853f",
    "CHEBI_73263": "#ff1493",
    "CHEMINF_000000": "#cd853f",
    "SCAIVPH_00001152": "#cd853f",
    "CHEBI_35800": "#cd853f",
    "MaterialEntity": "#cd853f",
    "CHEBI_38786": "#ff1493",
    "CHEBI_23367": "#cd853f",
    "CHEBI_72600": "#ff1493",
    "GO_0012501": "#ff1493",
    "NEMO_0000319": "#cd853f",
    "CHEBI_59777": "#cd853f",
    "CHEBI_38104": "#cd853f",
    "CHEBI_76840": "#cd853f",
    "CHEBI_51143": "#cd853f",
    "CHEBI_50906": "#cd853f",
    "CHEBI_51308": "#cd853f",
    "CHEBI_38656": "#cd853f",
    "SO_0000863": "#cd853f",
    "CHEBI_35624": "#cd853f",
    "GO_0050789": "#cd853f",
    "GO_0005488": "#cd853f",
    "CHEBI_35284": "#cd853f",
    "CHEBI_59779": "#cd853f",
    "CHEBI_33853": "#cd853f",
    "MIRO_10000169": "#cd853f",
    "CHEBI_25698": "#cd853f",
    "CHEBI_68481": "#ff1493",
    "CHEBI_38958": "#cd853f",
    "CHEBI_46984": "#cd853f",
    "CHEBI_67199": "#ff1493",
    "CHEBI_64338": "#ff1493",
    "Process": "#cd853f",
    "CHEBI_63667": "#cd853f",
    "CHEBI_71551": "#ff1493",
    "CHEBI_64955": "#ff1493",
    "CHEBI_68581": "#ff1493",
    "OWLClass_8029e3a4_312f_4130_827e_d330da199ea9": "#cd853f",
    "CHEBI_76859": "#cd853f",
    "REX_0000218": "#cd853f",
    "CARO_0000003": "#cd853f",
    "CHEBI_64371": "#cd853f",
    "CHEBI_64943": "#ff1493",
    "Biological_function": "#cd853f",
    "CHEBI_72768": "#ff1493",
    "CHEBI_39182": "#cd853f",
    "GO_0060089": "#cd853f",
    "CHEBI_64120": "#ff1493",
    "CHEBI_21759": "#ff1493",
    "CHEBI_6495": "#cd853f",
    "BFO_0000015": "#cd853f",
    "CHEBI_76932": "#cd853f",
    "CHEBI_76818": "#cd853f",
    "GO_0048519": "#ff1493",
    "GO_0048518": "#ff1493",
    "GO_0003674": "#cd853f",
    "CHEBI_23117": "#cd853f",
    "CHEBI_37734": "#cd853f",
    "CHEBI_42588": "#ff1493",
    "BFO_0000031": "#cd853f",
    "CHEBI_59769": "#cd853f",
    "CHEBI_73191": "#ff1493",
    "CHEBI_5686": "#cd853f",
    "CHEBI_52217": "#cd853f",
    "CHEBI_36683": "#cd853f",
    "CHEBI_63794": "#ff1493",
    "CHEBI_52210": "#cd853f",
    "GO_0003824": "#cd853f",
    "nlx_subcell_100315": "#cd853f",
    "CHEBI_74213": "#ff1493",
    "EFO_0004415": "#cd853f",
    "CHEBI_35942": "#cd853f",
    "CHEBI_50996": "#cd853f",
    "CHEBI_51374": "#cd853f",
    "CHEBI_71300": "#cd853f",
    "CHEBI_73361": "#ff1493",
    "CHEBI_25703": "#cd853f",
    "CHEBI_68640": "#ff1493",
    "CHEBI_25705": "#cd853f",
    "CHEBI_25708": "#cd853f",
    "CHEBI_25543": "#cd853f",
    "CHEBI_35820": "#cd853f",
    "CHEBI_64696": "#ff1493",
    "CHEBI_64697": "#ff1493",
    "Function": "#cd853f",
    "SO_0000001": "#cd853f",
    "CHEBI_23995": "#ff1493",
    "CHEBI_33837": "#cd853f",
    "CHEBI_36080": "#ff1493",
    "SO_0001234": "#ff1493",
    "CHEBI_46761": "#cd853f",
    "CHEBI_35473": "#cd853f",
    "CHEBI_35470": "#cd853f",
    "CHEBI_35471": "#cd853f",
    "CHEBI_35476": "#ff1493",
    "OBI_0100051": "#cd853f",
    "CHEBI_39447": "#cd853f",
    "BFO_0000004": "#cd853f",
    "sao-1337158144": "#cd853f",
    "BFO_0000001": "#cd853f",
    "SO_0000714": "#ff1493",
    "CHEBI_76668": "#ff1493",
    "BFO_0000002": "#cd853f",
    "BAO_0110002": "#cd853f",
    "CHEBI_38632": "#cd853f",
    "CHEBI_64090": "#ff1493",
    "GO_0070265": "#ff1493",
    "CHEBI_76848": "#cd853f",
    "CHEBI_26082": "#cd853f",
    "CHEBI_62733": "#cd853f",
    "Thing": "#cd853f",
    "CHEBI_25367": "#cd853f",
    "CHEBI_39172": "#cd853f",
    "CHEBI_24471": "#cd853f",
    "CHEBI_63332": "#ff1493",
    "CHEBI_73354": "#ff1493",
    "CHEBI_36963": "#cd853f",
    "Individual": "#cd853f",
    "BAO_0002929": "#cd853f",
    "GO_0006403": "#cd853f",
    "GO_1902494": "#ff1493",
    "CHEBI_25711": "#cd853f",
    "CHEBI_33232": "#cd853f",
    "GO_0008152": "#cd853f",
    "CHEBI_22715": "#cd853f",
    "GO_0008150": "#cd853f",
    "GO_0016491": "#ff1493",
    "IDOMAL_0000423": "#cd853f",
    "CHEBI_5870": "#ff1493",
    "GO_0051234": "#cd853f",
    "CHEBI_37143": "#cd853f",
    "CHEBI_60258": "#cd853f",
    "GO_0022610": "#cd853f",
    "GO_0004871": "#cd853f",
    "CHEBI_23003": "#cd853f",
    "GO_0007155": "#ff1493",
    "CHEBI_72716": "#ff1493",
    "CHEBI_48706": "#cd853f",
    "CHEBI_39365": "#cd853f",
    "SO_0000830": "#ff1493",
    "BFO_0000005": "#cd853f",
    "CHEBI_26151": "#cd853f",
    "GO_0004872": "#ff1493",
    "CHEBI_65259": "#ff1493",
    "CHEBI_33282": "#cd853f",
    "CHEBI_35715": "#cd853f",
    "SO_0001411": "#cd853f",
    "GO_0016337": "#ff1493",
    "CHEBI_61050": "#cd853f",
    "snap_MaterialEntity": "#cd853f",
    "CHEBI_62609": "#ff1493",
    "GO_0051179": "#cd853f",
    "CHEBI_26410": "#cd853f",
    "CHEBI_52206": "#cd853f",
    "CHEBI_48975": "#cd853f",
    "CHEBI_50188": "#cd853f",
    "CHEBI_37957": "#cd853f",
    "CHEBI_37956": "#cd853f",
    "CHEBI_76871": "#cd853f",
    "GO_0043234": "#cd853f",
    "GO_0065007": "#cd853f",
    "CHEBI_23924": "#cd853f",
    "CHEBI_34682": "#ff1493",
    "CHEBI_59219": "#cd853f",
    "CHEBI_76827": "#cd853f",
    "GO_0006810": "#cd853f",
    "CHEBI_35678": "#cd853f",
    "EFO_0004417": "#cd853f",
    "CHEBI_37514": "#cd853f",
    "CHEBI_76697": "#ff1493",
    "CHEBI_25676": "#cd853f",
    "OBI_0000047": "#ff1493",
    "InformationBiopolymer": "#cd853f",
    "CHEBI_33675": "#cd853f",
    "CHEBI_76807": "#cd853f",
    "CHEBI_6842": "#ff1493",
    "CHEBI_39179": "#cd853f",
    "CHEBI_37577": "#cd853f",
    "CHEBI_39093": "#cd853f",
    "SO_0000733": "#cd853f",
    "GO_0005515": "#ff1493",
    "CHEBI_64176": "#ff1493",
    "CHEBI_70868": "#ff1493",
    "CHEBI_64571": "#ff1493",
    "CHEBI_64570": "#ff1493",
    "CHEBI_25715": "#cd853f",
    "CHEBI_62754": "#ff1493",
    "GO_0008092": "#ff1493",
    "physical-object": "#cd853f",
    "CHEBI_37948": "#cd853f",
    "CHEBI_66894": "#ff1493",
    "CHEBI_38780": "#cd853f",
    "CHEBI_63599": "#ff1493",
    "CHEBI_33832": "#cd853f",
    "CHEBI_67198": "#ff1493",
    "chemical_entity": "#cd853f",
    "CHEBI_64926": "#ff1493",
    "CHEBI_38261": "#cd853f",
    "CHEBI_64924": "#ff1493",
    "CHEBI_64370": "#ff1493",
    "CHEBI_64922": "#ff1493",
    "CHEBI_3015": "#ff1493",
    "CHEBI_64920": "#ff1493",
    "CHEBI_51086": "#cd853f",
    "CHEBI_39167": "#cd853f",
    "CHEBI_47857": "#cd853f",
    "CHEBI_64110": "#ff1493",
    "CHEBI_60783": "#cd853f",
    "CHEBI_5924": "#cd853f",
    "CHEBI_35488": "#cd853f",
    "CHEBI_33250": "#ff1493",
    "SO_0000246": "#ff1493",
    "CHEBI_47989": "#cd853f",
    "CHEBI_64041": "#ff1493",
    "CHEBI_48705": "#cd853f",
    "CHEBI_52424": "#cd853f",
    "SO_0000110": "#cd853f",
    "CHEBI_71173": "#ff1493",
    "CHEBI_65191": "#ff1493",
    "CHEBI_37670": "#cd853f",
    "CHEBI_37578": "#cd853f",
    "CHEBI_72774": "#ff1493",
    "GO_0033036": "#cd853f",
    "CHEBI_25944": "#cd853f",
    "GO_0008219": "#cd853f",
    "CHEBI_33839": "#cd853f",
    "BFO_0000030": "#cd853f",
    "CHEBI_35786": "#cd853f",
    "CHEBI_82851": "#cd853f",
    "CHEBI_35442": "#cd853f",
    "IDODEN_0000252": "#cd853f",
    "CHEBI_35544": "#cd853f",
    "SO_0001410": "#ff1493",
    "CHEBI_67200": "#ff1493",
    "CHEBI_76877": "#cd853f",
    "CHEBI_39024": "#cd853f",
    "CHEBI_39026": "#ff1493",
    "CHEBI_64207": "#ff1493",
    "CHEBI_65064": "#ff1493",
    "CHEBI_73360": "#ff1493",
    "BAO_0003114": "#cd853f",
    "CHEBI_36357": "#cd853f",
    "CHEBI_65065": "#ff1493",
    "CHEBI_50047": "#cd853f",
    "CHEBI_71181": "#ff1493",
    "CHEBI_26537": "#cd853f",
    "CHEBI_64208": "#ff1493",
    "CHEBI_16670": "#cd853f",
    "CHEBI_76883": "#cd853f",
    "BAO_0110001": "#cd853f",
    "CHEBI_35718": "#ff1493",
    "CHEBI_33302": "#cd853f",
    "SO_0000237": "#ff1493",
    "IDOMAL_0000672": "#cd853f",
    "CHEBI_76874": "#cd853f",
    "CHEBI_33579": "#cd853f",
    "CHEBI_63613": "#ff1493",
    "CHEBI_24532": "#cd853f",
    "CHEBI_50860": "#cd853f",
    "CHEBI_76775": "#cd853f",
    "CHEBI_82830": "#cd853f",
    "CHEBI_25710": "#cd853f",
    "CHEBI_36047": "#ff1493",
    "CHEBI_23213": "#cd853f",
    "BFO_0000040": "#cd853f",
    "GO_0005575": "#cd853f",
    "GO_0009987": "#cd853f",
    "CHEBI_35222": "#cd853f",
    "GO_0032991": "#cd853f",
    "CHEBI_64709": "#ff1493",
    "CHEBI_76787": "#cd853f",
    "CHEBI_72311": "#ff1493",
    "CHEBI_37512": "#cd853f",
    "CHEBI_33281": "#cd853f",
    "CHEBI_72760": "#ff1493",
    "FiatObjectPart": "#cd853f",
    "CHEBI_36043": "#cd853f",
    "GO_0098657": "#ff1493",
    "CHEBI_46774": "#cd853f",
    "CHEBI_64196": "#cd853f",
    "CHEBI_64195": "#ff1493",
    "SIO_010046": "#cd853f",
    "GO_0043170": "#cd853f",
    "CHEBI_38579": "#cd853f",
    "EFO_0001899": "#cd853f",
    "CHEBI_71476": "#ff1493",
    "CHEBI_24828": "#cd853f",
    "CHEBI_46786": "#cd853f",
    "CHEBI_24431": "#cd853f",
    "CHEBI_24432": "#cd853f",
    "CHEBI_33285": "#cd853f",
    "CHEBI_63951": "#ff1493",
    "CHEBI_36684": "#cd853f",
    "CHEBI_29347": "#cd853f",
    "GO_0019538": "#ff1493",
    "CHEBI_35701": "#cd853f",
    "CHEBI_63958": "#ff1493",
    "NEMO_2878000": "#cd853f"
}