[{"to": "SO_0000830", "from": "SO_0001411"}, {"to": "CHEBI_73263", "from": "CHEBI_35544"}, {"to": "CHEBI_35544", "from": "CHEBI_23924"}, {"to": "CHEBI_35544", "from": "CHEBI_76840"}, {"to": "CHEBI_70868", "from": "CHEBI_35820"}, {"to": "CHEBI_35820", "from": "CHEBI_35442"}, {"to": "CHEBI_35442", "from": "CHEBI_35441"}, {"to": "CHEBI_35441", "from": "CHEBI_23888"}, {"to": "CHEBI_35820", "from": "CHEBI_36043"}, {"to": "GO_0019538", "from": "GO_0044238"}, {"to": "GO_0044238", "from": "GO_0008152"}, {"to": "GO_0019538", "from": "GO_0043170"}, {"to": "GO_0019538", "from": "GO_0008152"}, {"to": "CHEBI_71551", "from": "CHEBI_23924"}, {"to": "CHEBI_71551", "from": "CHEBI_76807"}, {"to": "CHEBI_64709", "from": "CHEBI_50860"}, {"to": "CHEBI_68481", "from": "CHEBI_37699"}, {"to": "CHEBI_37699", "from": "CHEBI_23924"}, {"to": "CHEBI_37699", "from": "CHEBI_76668"}, {"to": "CHEBI_35718", "from": "CHEBI_33281"}, {"to": "CHEBI_33281", "from": "CHEBI_25944"}, {"to": "CHEBI_25944", "from": "CHEBI_33232"}, {"to": "CHEBI_25944", "from": "BAO_0110001"}, {"to": "CHEBI_33281", "from": "CHEBI_24432"}, {"to": "CHEBI_33281", "from": "BAO_0110002"}, {"to": "CHEBI_35718", "from": "CHEBI_36043"}, {"to": "CHEBI_35718", "from": "EFO_0001899"}, {"to": "CHEBI_6842", "from": "CHEBI_25705"}, {"to": "CHEBI_25705", "from": "CHEBI_38656"}, {"to": "CHEBI_38656", "from": "CHEBI_36683"}, {"to": "CHEBI_36683", "from": "CHEBI_36684"}, {"to": "CHEBI_36684", "from": "CHEBI_33285"}, {"to": "CHEBI_36684", "from": "CHEBI_37578"}, {"to": "CHEBI_36683", "from": "CHEBI_23117"}, {"to": "CHEBI_36683", "from": "CHEBI_24471"}, {"to": "CHEBI_25705", "from": "CHEBI_37577"}, {"to": "CHEBI_6842", "from": "CHEBI_37577"}, {"to": "CHEBI_6842", "from": "MIRO_10000169"}, {"to": "CHEBI_64176", "from": "CHEBI_37956"}, {"to": "CHEBI_37956", "from": "CHEBI_37957"}, {"to": "CHEBI_37956", "from": "EFO_0001899"}, {"to": "CHEBI_66894", "from": "CHEBI_48705"}, {"to": "CHEBI_64338", "from": "CHEBI_48705"}, {"to": "GO_0016337", "from": "GO_0007155"}, {"to": "GO_0007155", "from": "GO_0009987"}, {"to": "GO_0007155", "from": "GO_0022610"}, {"to": "CHEBI_68640", "from": "CHEBI_23924"}, {"to": "CHEBI_68640", "from": "CHEBI_76840"}, {"to": "CHEBI_64571", "from": "CHEBI_50103"}, {"to": "CHEBI_50103", "from": "CHEBI_35942"}, {"to": "CHEBI_50103", "from": "EFO_0001899"}, {"to": "CHEBI_34682", "from": "CHEBI_25715"}, {"to": "CHEBI_34682", "from": "CHEBI_39447"}, {"to": "CHEBI_34682", "from": "CHEBI_37512"}, {"to": "CHEBI_34682", "from": "CHEBI_37577"}, {"to": "CHEBI_34682", "from": "CHEBI_25708"}, {"to": "CHEBI_38786", "from": "CHEBI_25715"}, {"to": "CHEBI_25715", "from": "CHEBI_25711"}, {"to": "CHEBI_25711", "from": "CHEBI_39093"}, {"to": "CHEBI_39093", "from": "CHEBI_25710"}, {"to": "CHEBI_25710", "from": "CHEBI_26082"}, {"to": "CHEBI_26082", "from": "CHEBI_33302"}, {"to": "CHEBI_33302", "from": "CHEBI_33675"}, {"to": "CHEBI_33675", "from": "CHEBI_33579"}, {"to": "CHEBI_33579", "from": "CHEBI_23367"}, {"to": "CHEBI_23367", "from": "BFO_0000040"}, {"to": "BFO_0000040", "from": "BFO_0000004"}, {"to": "BFO_0000004", "from": "BFO_0000002"}, {"to": "BFO_0000002", "from": "BFO_0000001"}, {"to": "BFO_0000001", "from": "Thing"}, {"to": "BFO_0000002", "from": "Thing"}, {"to": "BFO_0000040", "from": "Thing"}, {"to": "BFO_0000040", "from": "OWLClass_8029e3a4_312f_4130_827e_d330da199ea9"}, {"to": "CHEBI_23367", "from": "CHEBI_24431"}, {"to": "CHEBI_23367", "from": "CHEMINF_000000"}, {"to": "CHEBI_23367", "from": "Object"}, {"to": "CHEBI_23367", "from": "BFO_0000030"}, {"to": "CHEBI_25710", "from": "CHEBI_33285"}, {"to": "CHEBI_38786", "from": "CHEBI_37512"}, {"to": "CHEBI_38786", "from": "CHEBI_37577"}, {"to": "CHEBI_38786", "from": "CHEBI_82851"}, {"to": "CHEBI_38786", "from": "CHEBI_25708"}, {"to": "GO_0048518", "from": "GO_0050789"}, {"to": "CHEBI_39026", "from": "CHEBI_6495"}, {"to": "CHEBI_6495", "from": "CHEBI_33837"}, {"to": "CHEBI_33837", "from": "CHEBI_36080"}, {"to": "CHEBI_6495", "from": "CHEBI_39024"}, {"to": "CHEBI_39026", "from": "CHEBI_37577"}, {"to": "CHEBI_39026", "from": "CHEBI_36080"}, {"to": "CHEBI_62754", "from": "CHEBI_48706"}, {"to": "CHEBI_63951", "from": "CHEBI_48705"}, {"to": "CHEBI_76668", "from": "CHEBI_71300"}, {"to": "CHEBI_71300", "from": "CHEBI_23924"}, {"to": "CHEBI_73361", "from": "CHEBI_73360"}, {"to": "CHEBI_73360", "from": "CHEBI_23924"}, {"to": "CHEBI_73360", "from": "CHEBI_76787"}, {"to": "CHEBI_67200", "from": "CHEBI_50188"}, {"to": "CHEBI_50188", "from": "CHEBI_24432"}, {"to": "CHEBI_50188", "from": "BAO_0110002"}, {"to": "SO_0001234", "from": "SO_0000733"}, {"to": "CHEBI_67198", "from": "CHEBI_48705"}, {"to": "CHEBI_63958", "from": "CHEBI_23924"}, {"to": "CHEBI_63958", "from": "CHEBI_76932"}, {"to": "SO_0000714", "from": "SO_0001683"}, {"to": "SO_0001683", "from": "SO_0001411"}, {"to": "SO_0001411", "from": "SO_0000001"}, {"to": "SO_0000001", "from": "BFO_0000031"}, {"to": "BFO_0000031", "from": "BFO_0000005"}, {"to": "BFO_0000005", "from": "BFO_0000002"}, {"to": "BFO_0000031", "from": "Thing"}, {"to": "BFO_0000031", "from": "BFO_0000002"}, {"to": "SO_0000001", "from": "SO_0000110"}, {"to": "SO_0000001", "from": "FiatObjectPart"}, {"to": "CHEBI_36080", "from": "CHEBI_33695"}, {"to": "CHEBI_33695", "from": "CHEBI_33694"}, {"to": "CHEBI_33694", "from": "CHEBI_33839"}, {"to": "CHEBI_33839", "from": "CHEBI_23367"}, {"to": "CHEBI_33839", "from": "CHEBI_36357"}, {"to": "CHEBI_33694", "from": "CHEBI_50860"}, {"to": "CHEBI_33694", "from": "CHEBI_36357"}, {"to": "CHEBI_36080", "from": "CHEBI_37577"}, {"to": "CHEBI_36080", "from": "SCAIVPH_00001152"}, {"to": "CHEBI_36080", "from": "IDOMAL_0000672"}, {"to": "CHEBI_36080", "from": "InformationBiopolymer"}, {"to": "GO_0098657", "from": "GO_0006810"}, {"to": "GO_0006810", "from": "GO_0051234"}, {"to": "GO_0051234", "from": "GO_0008150"}, {"to": "GO_0051234", "from": "GO_0051179"}, {"to": "GO_0051179", "from": "GO_0008150"}, {"to": "GO_0051179", "from": "Thing"}, {"to": "GO_0051179", "from": "NEMO_0000319"}, {"to": "GO_0051179", "from": "NEMO_2878000"}, {"to": "GO_0051234", "from": "IDODEN_0000252"}, {"to": "GO_0051234", "from": "NEMO_0000319"}, {"to": "GO_0051234", "from": "NEMO_2878000"}, {"to": "GO_0006810", "from": "GO_0008150"}, {"to": "GO_0006810", "from": "Thing"}, {"to": "CHEBI_64090", "from": "CHEBI_37577"}, {"to": "CHEBI_37577", "from": "CHEBI_36357"}, {"to": "CHEBI_36357", "from": "CHEBI_23367"}, {"to": "CHEBI_37577", "from": "CHEBI_24431"}, {"to": "CHEBI_64090", "from": "CHEBI_61050"}, {"to": "CHEBI_64090", "from": "CHEBI_23888"}, {"to": "CHEBI_71173", "from": "CHEBI_35678"}, {"to": "CHEBI_35678", "from": "CHEBI_37957"}, {"to": "CHEBI_37957", "from": "CHEBI_35942"}, {"to": "CHEBI_3015", "from": "CHEBI_46984"}, {"to": "CHEBI_46984", "from": "CHEBI_39365"}, {"to": "CHEBI_39365", "from": "CHEBI_35352"}, {"to": "CHEBI_35352", "from": "CHEBI_51143"}, {"to": "CHEBI_35352", "from": "CHEBI_33285"}, {"to": "CHEBI_3015", "from": "CHEBI_22715"}, {"to": "CHEBI_3015", "from": "CHEBI_23003"}, {"to": "CHEBI_3015", "from": "CHEBI_37577"}, {"to": "CHEBI_3015", "from": "CHEBI_62733"}, {"to": "CHEBI_3015", "from": "CHEBI_59219"}, {"to": "CHEBI_63613", "from": "CHEBI_24532"}, {"to": "CHEBI_24532", "from": "CHEBI_33285"}, {"to": "CHEBI_33285", "from": "CHEBI_50860"}, {"to": "CHEBI_24532", "from": "CHEBI_33832"}, {"to": "CHEBI_24532", "from": "CHEBI_5686"}, {"to": "CHEBI_24532", "from": "CHEBI_37577"}, {"to": "CHEBI_63613", "from": "CHEBI_63667"}, {"to": "CHEBI_63613", "from": "CHEBI_23888"}, {"to": "OBI_0000047", "from": "BFO_0000040"}, {"to": "OBI_0000047", "from": "MaterialEntity"}, {"to": "OBI_0000047", "from": "BFO_0000030"}, {"to": "CHEBI_63599", "from": "EFO_0004415"}, {"to": "EFO_0004415", "from": "CHEBI_37577"}, {"to": "CHEBI_63599", "from": "CHEBI_60783"}, {"to": "CHEBI_63599", "from": "CHEBI_37143"}, {"to": "CHEBI_63599", "from": "CHEBI_37514"}, {"to": "CHEBI_63599", "from": "CHEBI_23888"}, {"to": "CHEBI_72695", "from": "CHEBI_50860"}, {"to": "CHEBI_72695", "from": "CHEBI_25367"}, {"to": "CHEBI_64697", "from": "CHEBI_64696"}, {"to": "CHEBI_64696", "from": "CHEBI_23924"}, {"to": "CHEBI_64696", "from": "CHEBI_76878"}, {"to": "CHEBI_64208", "from": "CHEBI_37577"}, {"to": "CHEBI_64208", "from": "CHEBI_48975"}, {"to": "CHEBI_64208", "from": "CHEBI_51308"}, {"to": "CHEBI_64208", "from": "CHEBI_47989"}, {"to": "CHEBI_64208", "from": "CHEBI_23888"}, {"to": "CHEBI_65191", "from": "CHEBI_35476"}, {"to": "GO_0004872", "from": "GO_0004871"}, {"to": "GO_0004871", "from": "GO_0060089"}, {"to": "GO_0060089", "from": "GO_0003674"}, {"to": "GO_0004872", "from": "GO_0003674"}, {"to": "CHEBI_42588", "from": "EFO_0004417"}, {"to": "CHEBI_42588", "from": "CHEBI_37577"}, {"to": "CHEBI_42588", "from": "CHEBI_26537"}, {"to": "CHEBI_42588", "from": "CHEBI_29347"}, {"to": "CHEBI_42588", "from": "CHEBI_23888"}, {"to": "CHEBI_5870", "from": "CHEBI_25543"}, {"to": "CHEBI_25543", "from": "CHEBI_38780"}, {"to": "CHEBI_38780", "from": "CHEBI_35715"}, {"to": "CHEBI_35715", "from": "CHEBI_51143"}, {"to": "CHEBI_51143", "from": "CHEBI_33302"}, {"to": "CHEBI_51143", "from": "CHEBI_33675"}, {"to": "CHEBI_35715", "from": "CHEBI_23367"}, {"to": "CHEBI_5870", "from": "CHEBI_38261"}, {"to": "CHEBI_5870", "from": "CHEBI_39167"}, {"to": "CHEBI_5870", "from": "CHEBI_37577"}, {"to": "CHEBI_5870", "from": "CHEBI_39172"}, {"to": "CHEBI_5870", "from": "CHEBI_39182"}, {"to": "CHEBI_71476", "from": "CHEBI_23924"}, {"to": "CHEBI_71476", "from": "CHEBI_76878"}, {"to": "CHEBI_64955", "from": "CHEBI_23924"}, {"to": "CHEBI_64955", "from": "CHEBI_52424"}, {"to": "CHEBI_65259", "from": "CHEBI_51374"}, {"to": "CHEBI_51374", "from": "CHEBI_35942"}, {"to": "CHEBI_65259", "from": "CHEBI_48706"}, {"to": "CHEBI_72768", "from": "CHEBI_48705"}, {"to": "SO_0000401", "from": "SO_0000733"}, {"to": "SO_0000246", "from": "SO_0000863"}, {"to": "SO_0000863", "from": "SO_0000237"}, {"to": "SO_0000237", "from": "SO_0000733"}, {"to": "SO_0000733", "from": "SO_0000400"}, {"to": "SO_0000400", "from": "Thing"}, {"to": "GO_0048519", "from": "GO_0050789"}, {"to": "GO_0050789", "from": "GO_0065007"}, {"to": "GO_0065007", "from": "GO_0008150"}, {"to": "GO_0008150", "from": "Process"}, {"to": "Process", "from": "Individual"}, {"to": "GO_0008150", "from": "Process"}, {"to": "GO_0008150", "from": "BFO_0000015"}, {"to": "GO_0050789", "from": "Process"}, {"to": "GO_0048519", "from": "REX_0000218"}, {"to": "CHEBI_72600", "from": "CHEBI_59779"}, {"to": "CHEBI_59779", "from": "CHEBI_59777"}, {"to": "CHEBI_59777", "from": "CHEBI_59769"}, {"to": "CHEBI_59769", "from": "CHEBI_46786"}, {"to": "CHEBI_46786", "from": "CHEBI_25698"}, {"to": "CHEBI_25698", "from": "CHEBI_50860"}, {"to": "CHEBI_50860", "from": "CHEBI_33582"}, {"to": "CHEBI_33582", "from": "CHEBI_33675"}, {"to": "CHEBI_50860", "from": "CHEBI_33675"}, {"to": "CHEBI_25698", "from": "CHEBI_36963"}, {"to": "CHEBI_46786", "from": "CHEBI_46774"}, {"to": "CHEBI_59769", "from": "CHEBI_36963"}, {"to": "CHEBI_59779", "from": "CHEBI_38104"}, {"to": "CHEBI_72600", "from": "CHEBI_37948"}, {"to": "GO_0008092", "from": "GO_0005515"}, {"to": "GO_0005515", "from": "GO_0005488"}, {"to": "GO_0005488", "from": "GO_0003674"}, {"to": "GO_0003674", "from": "Function"}, {"to": "Function", "from": "Individual"}, {"to": "Individual", "from": "Thing"}, {"to": "GO_0003674", "from": "Function"}, {"to": "GO_0003674", "from": "Process"}, {"to": "GO_0003674", "from": "BFO_0000015"}, {"to": "CHEBI_64943", "from": "CHEBI_23924"}, {"to": "CHEBI_23924", "from": "CHEBI_52206"}, {"to": "CHEBI_52206", "from": "CHEBI_24432"}, {"to": "CHEBI_52206", "from": "BAO_0110002"}, {"to": "BAO_0110002", "from": "BAO_0002929"}, {"to": "CHEBI_23924", "from": "CHEBI_35222"}, {"to": "CHEBI_23924", "from": "CHEBI_24432"}, {"to": "CHEBI_64943", "from": "CHEBI_5924"}, {"to": "CHEBI_63332", "from": "CHEBI_23924"}, {"to": "CHEBI_63332", "from": "CHEBI_76775"}, {"to": "CHEBI_64583", "from": "CHEBI_36700"}, {"to": "CHEBI_36700", "from": "CHEBI_23213"}, {"to": "CHEBI_23213", "from": "CHEBI_35701"}, {"to": "CHEBI_36700", "from": "CHEBI_25703"}, {"to": "CHEBI_36700", "from": "CHEBI_23217"}, {"to": "CHEBI_36700", "from": "CHEBI_37734"}, {"to": "CHEBI_36700", "from": "CHEBI_35701"}, {"to": "CHEBI_64583", "from": "CHEBI_82830"}, {"to": "CHEBI_64583", "from": "CHEBI_37622"}, {"to": "CHEBI_64583", "from": "CHEBI_35786"}, {"to": "CHEBI_64583", "from": "CHEBI_35284"}, {"to": "CHEBI_67199", "from": "CHEBI_48706"}, {"to": "CHEBI_48706", "from": "CHEBI_52210"}, {"to": "CHEBI_73191", "from": "CHEBI_48705"}, {"to": "CHEBI_74213", "from": "CHEBI_23924"}, {"to": "CHEBI_74213", "from": "CHEBI_76848"}, {"to": "SO_0001410", "from": "SO_0000001"}, {"to": "CHEBI_64570", "from": "CHEBI_23924"}, {"to": "CHEBI_64570", "from": "CHEBI_76874"}, {"to": "CHEBI_72774", "from": "CHEBI_23924"}, {"to": "CHEBI_72774", "from": "CHEBI_76859"}, {"to": "CHEBI_35476", "from": "CHEBI_35473"}, {"to": "CHEBI_35473", "from": "CHEBI_35471"}, {"to": "CHEBI_35471", "from": "CHEBI_35470"}, {"to": "CHEBI_35470", "from": "CHEBI_23888"}, {"to": "CHEBI_35473", "from": "CHEBI_35488"}, {"to": "CHEBI_35476", "from": "EFO_0001899"}, {"to": "CHEBI_35476", "from": "CHEBI_50906"}, {"to": "CHEBI_71181", "from": "CHEBI_23924"}, {"to": "CHEBI_71181", "from": "CHEBI_61115"}, {"to": "CHEBI_23995", "from": "CHEBI_35800"}, {"to": "CHEBI_23995", "from": "CHEBI_47857"}, {"to": "CHEBI_23995", "from": "CHEBI_37577"}, {"to": "CHEBI_23995", "from": "CHEBI_76551"}, {"to": "CHEBI_23995", "from": "CHEBI_23367"}, {"to": "CHEBI_64920", "from": "CHEBI_23924"}, {"to": "CHEBI_64920", "from": "CHEBI_76827"}, {"to": "CHEBI_64922", "from": "CHEBI_23924"}, {"to": "CHEBI_64922", "from": "CHEBI_5924"}, {"to": "CHEBI_64924", "from": "CHEBI_37670"}, {"to": "CHEBI_37670", "from": "CHEBI_23924"}, {"to": "CHEBI_37670", "from": "CHEBI_60258"}, {"to": "CHEBI_37670", "from": "CHEBI_35222"}, {"to": "CHEBI_72760", "from": "CHEBI_46761"}, {"to": "CHEBI_46761", "from": "CHEBI_25676"}, {"to": "CHEBI_25676", "from": "CHEBI_16670"}, {"to": "CHEBI_46761", "from": "CHEBI_16670"}, {"to": "CHEBI_46761", "from": "CHEBI_16670"}, {"to": "CHEBI_72760", "from": "CHEBI_48337"}, {"to": "CHEBI_72760", "from": "CHEBI_24828"}, {"to": "CHEBI_72760", "from": "CHEBI_38958"}, {"to": "CHEBI_64926", "from": "CHEBI_37670"}, {"to": "CHEBI_33250", "from": "CHEBI_24431"}, {"to": "CHEBI_24431", "from": "Continuant"}, {"to": "Continuant", "from": "Individual"}, {"to": "CHEBI_24431", "from": "MaterialEntity"}, {"to": "CHEBI_24431", "from": "Thing"}, {"to": "CHEBI_24431", "from": "BFO_0000040"}, {"to": "CHEBI_24431", "from": "BFO_0000030"}, {"to": "CHEBI_33250", "from": "CHEMINF_000000"}, {"to": "CHEBI_33250", "from": "chemical_entity"}, {"to": "CHEBI_33250", "from": "BFO_0000040"}, {"to": "CHEBI_33250", "from": "physical-object"}, {"to": "CHEBI_33250", "from": "MaterialEntity"}, {"to": "CHEBI_64207", "from": "CHEBI_37577"}, {"to": "CHEBI_64207", "from": "CHEBI_26151"}, {"to": "CHEBI_64207", "from": "CHEBI_50996"}, {"to": "CHEBI_64207", "from": "CHEBI_35618"}, {"to": "CHEBI_64207", "from": "CHEBI_35624"}, {"to": "CHEBI_64207", "from": "CHEBI_37143"}, {"to": "CHEBI_64207", "from": "CHEBI_23888"}, {"to": "CHEBI_64370", "from": "CHEBI_64371"}, {"to": "CHEBI_64371", "from": "CHEBI_35942"}, {"to": "CHEBI_35942", "from": "CHEBI_23888"}, {"to": "CHEBI_23888", "from": "CHEBI_52217"}, {"to": "CHEBI_52217", "from": "CHEBI_33232"}, {"to": "CHEBI_33232", "from": "BAO_0002929"}, {"to": "BAO_0002929", "from": "Thing"}, {"to": "CHEBI_33232", "from": "CHEBI_50906"}, {"to": "CHEBI_33232", "from": "Role"}, {"to": "CHEBI_52217", "from": "BAO_0110001"}, {"to": "CHEBI_23888", "from": "CHEBI_37577"}, {"to": "CHEBI_35942", "from": "CHEBI_52210"}, {"to": "CHEBI_64371", "from": "CHEBI_38632"}, {"to": "CHEBI_62609", "from": "CHEBI_23924"}, {"to": "CHEBI_62609", "from": "CHEBI_76883"}, {"to": "CHEBI_64041", "from": "EFO_0004417"}, {"to": "EFO_0004417", "from": "CHEBI_37577"}, {"to": "CHEBI_64041", "from": "CHEBI_37577"}, {"to": "CHEBI_64041", "from": "CHEBI_25235"}, {"to": "CHEBI_64041", "from": "CHEBI_29347"}, {"to": "CHEBI_64041", "from": "CHEBI_33853"}, {"to": "CHEBI_64041", "from": "CHEBI_23888"}, {"to": "CHEBI_64110", "from": "CHEBI_37577"}, {"to": "CHEBI_64110", "from": "CHEBI_26410"}, {"to": "CHEBI_64110", "from": "CHEBI_33853"}, {"to": "CHEBI_36047", "from": "CHEBI_33282"}, {"to": "CHEBI_33282", "from": "CHEBI_33281"}, {"to": "CHEBI_36047", "from": "CHEBI_36043"}, {"to": "CHEBI_36047", "from": "EFO_0001899"}, {"to": "CHEBI_64120", "from": "CHEBI_38579"}, {"to": "CHEBI_38579", "from": "CHEBI_16670"}, {"to": "CHEBI_16670", "from": "CHEBI_33839"}, {"to": "CHEBI_16670", "from": "CHEBI_37622"}, {"to": "CHEBI_16670", "from": "CHEBI_50047"}, {"to": "CHEBI_16670", "from": "CHEBI_35352"}, {"to": "CHEBI_16670", "from": "CHEBI_23367"}, {"to": "CHEBI_64120", "from": "CHEBI_25676"}, {"to": "GO_1902494", "from": "GO_0043234"}, {"to": "GO_0043234", "from": "GO_0032991"}, {"to": "GO_0032991", "from": "GO_0005575"}, {"to": "GO_0005575", "from": "BAO_0003114"}, {"to": "BAO_0003114", "from": "Thing"}, {"to": "GO_0005575", "from": "SIO_010046"}, {"to": "GO_0005575", "from": "OBI_0100051"}, {"to": "GO_0005575", "from": "Thing"}, {"to": "GO_0005575", "from": "BFO_0000040"}, {"to": "GO_0005575", "from": "CARO_0000003"}, {"to": "GO_0005575", "from": "BFO_0000030"}, {"to": "GO_0005575", "from": "snap_MaterialEntity"}, {"to": "GO_0005575", "from": "MaterialEntity"}, {"to": "GO_0032991", "from": "BFO_0000040"}, {"to": "GO_0032991", "from": "CHEBI_23367"}, {"to": "GO_0032991", "from": "Object"}, {"to": "GO_0032991", "from": "sao-1337158144"}, {"to": "GO_0032991", "from": "nlx_subcell_100315"}, {"to": "GO_0043234", "from": "IDOMAL_0000423"}, {"to": "GO_0043234", "from": "BFO_0000040"}, {"to": "CHEBI_64195", "from": "CHEBI_37577"}, {"to": "CHEBI_64195", "from": "CHEBI_26151"}, {"to": "CHEBI_64195", "from": "CHEBI_64196"}, {"to": "CHEBI_64195", "from": "CHEBI_37143"}, {"to": "CHEBI_64195", "from": "CHEBI_64207"}, {"to": "GO_0012501", "from": "GO_0008219"}, {"to": "GO_0008219", "from": "GO_0009987"}, {"to": "GO_0009987", "from": "GO_0008150"}, {"to": "GO_0008219", "from": "GO_0016265"}, {"to": "GO_0070265", "from": "GO_0008219"}, {"to": "GO_0016491", "from": "GO_0003824"}, {"to": "GO_0003824", "from": "GO_0003674"}, {"to": "GO_0003824", "from": "Biological_function"}, {"to": "CHEBI_68581", "from": "CHEBI_23924"}, {"to": "CHEBI_68581", "from": "CHEBI_5924"}, {"to": "CHEBI_73354", "from": "CHEBI_23924"}, {"to": "CHEBI_73354", "from": "CHEBI_76818"}, {"to": "SO_0000605", "from": "SO_0001411"}, {"to": "GO_1990280", "from": "GO_0006403"}, {"to": "GO_0006403", "from": "GO_0033036"}, {"to": "GO_0033036", "from": "GO_0051179"}, {"to": "GO_0033036", "from": "GO_0008150"}, {"to": "CHEBI_72716", "from": "CHEBI_23924"}, {"to": "CHEBI_72716", "from": "CHEBI_76877"}, {"to": "CHEBI_63794", "from": "CHEBI_48705"}, {"to": "CHEBI_48705", "from": "CHEBI_52210"}, {"to": "CHEBI_52210", "from": "CHEBI_24432"}, {"to": "CHEBI_24432", "from": "BAO_0002929"}, {"to": "CHEBI_24432", "from": "CHEBI_50906"}, {"to": "CHEBI_24432", "from": "Role"}, {"to": "CHEBI_24432", "from": "CHEBI_51086"}, {"to": "CHEBI_52210", "from": "BAO_0110002"}, {"to": "CHEBI_76697", "from": "CHEBI_75596"}, {"to": "CHEBI_75596", "from": "CHEBI_23924"}, {"to": "CHEBI_21759", "from": "CHEBI_35800"}, {"to": "CHEBI_35800", "from": "CHEBI_51143"}, {"to": "CHEBI_21759", "from": "CHEBI_39179"}, {"to": "CHEBI_21759", "from": "CHEBI_37577"}, {"to": "CHEBI_65065", "from": "CHEBI_23924"}, {"to": "CHEBI_65065", "from": "CHEBI_76871"}, {"to": "CHEBI_65064", "from": "CHEBI_23924"}, {"to": "CHEBI_65064", "from": "CHEBI_76871"}, {"to": "CHEBI_72311", "from": "CHEBI_48705"}]