[{"to": "CHEBI_46245", "from": "CHEBI_16389"}, {"to": "CHEBI_16389", "from": "CHEBI_22729"}, {"to": "CHEBI_22729", "from": "CHEBI_36141"}, {"to": "CHEBI_36141", "from": "CHEBI_3992"}, {"to": "CHEBI_3992", "from": "CHEBI_17087"}, {"to": "CHEBI_36141", "from": "CHEBI_50860"}, {"to": "CHEBI_36141", "from": "CHEBI_17087"}, {"to": "CHEBI_16389", "from": "CHEBI_26255"}, {"to": "CHEBI_47019", "from": "CHEBI_47017"}, {"to": "CHEBI_47017", "from": "CHEBI_26912"}, {"to": "CHEBI_26912", "from": "CHEBI_38104"}, {"to": "CHEBI_38104", "from": "CHEBI_36963"}, {"to": "CHEBI_36963", "from": "CHEBI_36962"}, {"to": "CHEBI_36962", "from": "CHEBI_33304"}, {"to": "CHEBI_33304", "from": "CHEBI_33675"}, {"to": "CHEBI_33675", "from": "CHEBI_33579"}, {"to": "CHEBI_33579", "from": "CHEBI_23367"}, {"to": "CHEBI_36962", "from": "CHEBI_33285"}, {"to": "CHEBI_36963", "from": "CHEBI_25806"}, {"to": "CHEBI_38104", "from": "CHEBI_24532"}, {"to": "CHEBI_38104", "from": "CHEBI_5686"}, {"to": "CHEBI_26912", "from": "CHEBI_25693"}, {"to": "CHEBI_4551", "from": "CHEBI_38092"}, {"to": "CHEBI_38092", "from": "CHEBI_35543"}, {"to": "CHEBI_35543", "from": "CHEBI_35508"}, {"to": "CHEBI_35508", "from": "CHEBI_35507"}, {"to": "CHEBI_35507", "from": "CHEBI_33245"}, {"to": "CHEBI_33245", "from": "CHEBI_37175"}, {"to": "CHEBI_37175", "from": "CHEBI_33692"}, {"to": "CHEBI_33245", "from": "CHEBI_50860"}, {"to": "CHEBI_33245", "from": "CHEBI_33692"}, {"to": "CHEBI_35508", "from": "CHEBI_35341"}, {"to": "CHEBI_35543", "from": "CHEBI_26766"}, {"to": "CHEBI_38092", "from": "CHEBI_24400"}, {"to": "CHEBI_38092", "from": "CHEBI_74634"}, {"to": "CHEBI_4551", "from": "CHEBI_60583"}, {"to": "CHEBI_4551", "from": "CHEBI_61655"}, {"to": "CHEBI_4551", "from": "CHEBI_24400"}, {"to": "CHEBI_47881", "from": "CHEBI_35871"}, {"to": "CHEBI_35871", "from": "CHEBI_25384"}, {"to": "CHEBI_35871", "from": "CHEBI_25754"}, {"to": "CHEBI_47042", "from": "CHEBI_36853"}, {"to": "CHEBI_36853", "from": "CHEBI_35350"}, {"to": "CHEBI_35350", "from": "CHEBI_35341"}, {"to": "CHEBI_35341", "from": "CHEBI_51958"}, {"to": "CHEBI_51958", "from": "CHEBI_33635"}, {"to": "CHEBI_33635", "from": "CHEBI_33595"}, {"to": "CHEBI_33595", "from": "CHEBI_36357"}, {"to": "CHEBI_33595", "from": "CHEBI_25367"}, {"to": "CHEBI_33595", "from": "CHEBI_23367"}, {"to": "CHEBI_51958", "from": "CHEBI_33832"}, {"to": "CHEBI_35341", "from": "CHEBI_18059"}, {"to": "CHEBI_35341", "from": "CHEBI_37577"}, {"to": "CHEBI_35350", "from": "CHEBI_30879"}, {"to": "CHEBI_46920", "from": "CHEBI_46845"}, {"to": "CHEBI_46845", "from": "CHEBI_26144"}, {"to": "CHEBI_46845", "from": "CHEBI_50996"}, {"to": "CHEBI_47266", "from": "CHEBI_37140"}, {"to": "CHEBI_37140", "from": "CHEBI_33405"}, {"to": "CHEBI_33405", "from": "CHEBI_33608"}, {"to": "CHEBI_33608", "from": "CHEBI_33674"}, {"to": "CHEBI_33674", "from": "CHEBI_23367"}, {"to": "CHEBI_33674", "from": "CHEBI_33579"}, {"to": "CHEBI_47266", "from": "CHEBI_37176"}, {"to": "CHEBI_47266", "from": "CHEBI_33692"}, {"to": "CHEBI_47266", "from": "CHEBI_33608"}, {"to": "CHEBI_47266", "from": "CHEBI_23367"}, {"to": "CHEBI_46701", "from": "CHEBI_25384"}, {"to": "CHEBI_25384", "from": "CHEBI_33575"}, {"to": "CHEBI_33575", "from": "CHEBI_24833"}, {"to": "CHEBI_24833", "from": "CHEBI_24651"}, {"to": "CHEBI_24651", "from": "CHEBI_37577"}, {"to": "CHEBI_37577", "from": "CHEBI_36357"}, {"to": "CHEBI_36357", "from": "CHEBI_23367"}, {"to": "CHEBI_23367", "from": "BFO_0000040"}, {"to": "BFO_0000040", "from": "BFO_0000004"}, {"to": "BFO_0000004", "from": "BFO_0000002"}, {"to": "BFO_0000002", "from": "BFO_0000001"}, {"to": "BFO_0000001", "from": "Thing"}, {"to": "BFO_0000002", "from": "Thing"}, {"to": "BFO_0000040", "from": "Thing"}, {"to": "BFO_0000040", "from": "OWLClass_8029e3a4_312f_4130_827e_d330da199ea9"}, {"to": "CHEBI_23367", "from": "CHEBI_24431"}, {"to": "CHEBI_23367", "from": "CHEMINF_000000"}, {"to": "CHEBI_23367", "from": "Object"}, {"to": "CHEBI_23367", "from": "BFO_0000030"}, {"to": "CHEBI_37577", "from": "CHEBI_24431"}, {"to": "CHEBI_24651", "from": "CHEBI_33608"}, {"to": "CHEBI_24651", "from": "CHEBI_25806"}, {"to": "CHEBI_24651", "from": "CHEBI_33579"}, {"to": "CHEBI_33575", "from": "CHEBI_36586"}, {"to": "CHEBI_33575", "from": "CHEBI_50860"}, {"to": "CHEBI_33575", "from": "CHEBI_64709"}, {"to": "CHEBI_33575", "from": "CHEBI_35605"}, {"to": "CHEBI_33575", "from": "CHEBI_36587"}, {"to": "CHEBI_46701", "from": "CHEBI_46767"}, {"to": "CHEBI_46701", "from": "CHEBI_38260"}, {"to": "CHEBI_47788", "from": "CHEBI_35789"}, {"to": "CHEBI_35789", "from": "CHEBI_35341"}, {"to": "CHEBI_35789", "from": "CHEBI_17087"}, {"to": "CHEBI_46867", "from": "CHEBI_33575"}, {"to": "CHEBI_46867", "from": "CHEBI_24828"}, {"to": "CHEBI_47908", "from": "CHEBI_29256"}, {"to": "CHEBI_29256", "from": "CHEBI_50860"}, {"to": "CHEBI_50860", "from": "CHEBI_33582"}, {"to": "CHEBI_33582", "from": "CHEBI_33675"}, {"to": "CHEBI_50860", "from": "CHEBI_33675"}, {"to": "CHEBI_29256", "from": "CHEBI_33261"}, {"to": "CHEBI_47909", "from": "CHEBI_47788"}, {"to": "CHEBI_47909", "from": "CHEBI_51689"}, {"to": "CHEBI_47909", "from": "CHEBI_17087"}, {"to": "CHEBI_47898", "from": "Thing"}, {"to": "CHEBI_47898", "from": "CHEBI_63367"}, {"to": "CHEBI_47898", "from": "CHEBI_36141"}, {"to": "CHEBI_47898", "from": "CHEBI_49322"}, {"to": "CHEBI_47898", "from": "CHEBI_35315"}, {"to": "CHEBI_47898", "from": "CHEBI_48120"}, {"to": "CHEBI_47898", "from": "CHEBI_47779"}, {"to": "CHEBI_47885", "from": "CHEBI_36976"}, {"to": "CHEBI_36976", "from": "CHEBI_25608"}, {"to": "CHEBI_25608", "from": "CHEBI_25703"}, {"to": "CHEBI_25703", "from": "CHEBI_25710"}, {"to": "CHEBI_25710", "from": "CHEBI_26082"}, {"to": "CHEBI_26082", "from": "CHEBI_33302"}, {"to": "CHEBI_25710", "from": "CHEBI_33285"}, {"to": "CHEBI_25703", "from": "CHEBI_26079"}, {"to": "CHEBI_25703", "from": "CHEBI_26020"}, {"to": "CHEBI_25608", "from": "CHEBI_37734"}, {"to": "CHEBI_25608", "from": "CHEBI_26816"}, {"to": "CHEBI_25608", "from": "CHEBI_61120"}, {"to": "CHEBI_36976", "from": "CHEBI_23367"}, {"to": "CHEBI_46766", "from": "CHEBI_38260"}, {"to": "CHEBI_38260", "from": "CHEBI_25693"}, {"to": "CHEBI_25693", "from": "CHEBI_33670"}, {"to": "CHEBI_33670", "from": "CHEBI_33661"}, {"to": "CHEBI_33661", "from": "CHEBI_33595"}, {"to": "CHEBI_33670", "from": "CHEBI_5686"}, {"to": "CHEBI_33670", "from": "CHEBI_33595"}, {"to": "CHEBI_25693", "from": "CHEBI_24532"}, {"to": "CHEBI_38260", "from": "CHEBI_38101"}, {"to": "CHEBI_46766", "from": "CHEBI_46754"}, {"to": "CHEBI_46766", "from": "CHEBI_32988"}, {"to": "CHEBI_45979", "from": "CHEBI_22715"}, {"to": "CHEBI_22715", "from": "CHEBI_38101"}, {"to": "CHEBI_38101", "from": "CHEBI_35352"}, {"to": "CHEBI_35352", "from": "CHEBI_51143"}, {"to": "CHEBI_51143", "from": "CHEBI_33302"}, {"to": "CHEBI_33302", "from": "CHEBI_33675"}, {"to": "CHEBI_51143", "from": "CHEBI_33675"}, {"to": "CHEBI_35352", "from": "CHEBI_33285"}, {"to": "CHEBI_38101", "from": "CHEBI_24532"}, {"to": "CHEBI_38101", "from": "CHEBI_5686"}, {"to": "CHEBI_22715", "from": "CHEBI_27171"}, {"to": "CHEBI_22715", "from": "CHEBI_23367"}, {"to": "CHEBI_45979", "from": "CHEBI_38418"}, {"to": "CHEBI_45979", "from": "CHEBI_36820"}, {"to": "CHEBI_47781", "from": "CHEBI_47804"}, {"to": "CHEBI_47804", "from": "CHEBI_26979"}, {"to": "CHEBI_26979", "from": "CHEBI_51959"}, {"to": "CHEBI_51959", "from": "CHEBI_51958"}, {"to": "CHEBI_26979", "from": "CHEBI_38166"}, {"to": "CHEBI_26979", "from": "CHEBI_36688"}, {"to": "CHEBI_26979", "from": "CHEBI_51958"}, {"to": "CHEBI_26979", "from": "CHEBI_33671"}, {"to": "CHEBI_47804", "from": "CHEBI_37577"}, {"to": "CHEBI_47804", "from": "CHEBI_23888"}, {"to": "CHEBI_47781", "from": "CHEBI_36809"}, {"to": "CHEBI_47781", "from": "CHEBI_50995"}, {"to": "CHEBI_46631", "from": "Thing"}, {"to": "CHEBI_46631", "from": "CHEBI_23697"}, {"to": "CHEBI_46631", "from": "CHEBI_24436"}, {"to": "CHEBI_46631", "from": "CHEBI_36683"}, {"to": "CHEBI_46848", "from": "CHEBI_26144"}, {"to": "CHEBI_26144", "from": "CHEBI_25693"}, {"to": "CHEBI_26144", "from": "CHEBI_38101"}, {"to": "CHEBI_46848", "from": "CHEBI_50996"}, {"to": "CHEBI_47779", "from": "CHEBI_24400"}, {"to": "CHEBI_24400", "from": "CHEBI_23008"}, {"to": "CHEBI_23008", "from": "CHEBI_36963"}, {"to": "CHEBI_23008", "from": "CHEBI_37577"}, {"to": "CHEBI_23008", "from": "SCAIVPH_00001152"}, {"to": "CHEBI_24400", "from": "CHEBI_63161"}, {"to": "CHEBI_47779", "from": "CHEBI_63299"}]