{"nodes": [{"group": 0, "name": null, "uri": "http://purl.obolibrary.org/obo/GO_0051297"}, {"group": 0, "name": "cleavage furrow formation", "uri": "http://purl.obolibrary.org/obo/GO_0036089"}, {"group": 0, "name": "quorum sensing", "uri": "http://purl.obolibrary.org/obo/GO_0009372"}, {"group": 0, "name": "behavior process", "uri": "http://purl.obolibrary.org/obo/NBO_0000313"}, {"group": 0, "name": "arsenate reductase activity", "uri": "http://purl.obolibrary.org/obo/GO_0030611"}, {"group": 0, "name": "response to stimulus", "uri": "http://purl.obolibrary.org/obo/GO_0050896"}, {"group": 0, "name": "flocculation via cell wall protein-carbohydrate interaction", "uri": "http://purl.obolibrary.org/obo/GO_0000501"}, {"group": 0, "name": "regulation of cell proliferation", "uri": "http://purl.obolibrary.org/obo/GO_0042127"}, {"group": 0, "name": "\\nsymbiosis, encompassing mutualism through parasitism\\n", "uri": "http://purl.obolibrary.org/obo/GO_0044403"}, {"group": 0, "name": null, "uri": "http://purl.obolibrary.org/obo/GO_1901900"}, {"group": 0, "name": "regulation of protein localization to cell division site involved in cytokinesis", "uri": "http://purl.obolibrary.org/obo/GO_1901901"}, {"group": 0, "name": null, "uri": "http://purl.obolibrary.org/obo/GO_0000166"}, {"group": 0, "name": "protein-DNA complex assembly", "uri": "http://purl.obolibrary.org/obo/GO_0065004"}, {"group": 0, "name": "biological regulation", "uri": "http://purl.obolibrary.org/obo/GO_0065007"}, {"group": 0, "name": "DNA metabolic process", "uri": "http://purl.obolibrary.org/obo/GO_0006259"}, {"group": 0, "name": "cell cycle arrest", "uri": "http://purl.obolibrary.org/obo/GO_0007050"}, {"group": 0, "name": "heterocycle metabolic process", "uri": "http://purl.obolibrary.org/obo/GO_0046483"}, {"group": 0, "name": "binding", "uri": "http://purl.obolibrary.org/obo/GO_0005488"}, {"group": 0, "name": "cellular process involved in reproduction", "uri": "http://purl.obolibrary.org/obo/GO_0048610"}, {"group": 0, "name": "site-specific DNA replication termination", "uri": "http://purl.obolibrary.org/obo/GO_0071170"}, {"group": 0, "name": "regulation of cellular process", "uri": "http://purl.obolibrary.org/obo/GO_0050794"}, {"group": 0, "name": "cellular metabolic process", "uri": "http://purl.obolibrary.org/obo/GO_0044237"}, {"group": 0, "name": null, "uri": "http://purl.obolibrary.org/obo/GO_0072479"}, {"group": 0, "name": "mitotic cell cycle arrest", "uri": "http://purl.obolibrary.org/obo/GO_0071850"}, {"group": 0, "name": "ligase activity, forming carbon-sulfur bonds", "uri": "http://purl.obolibrary.org/obo/GO_0016877"}, {"group": 0, "name": "ligase activity", "uri": "http://purl.obolibrary.org/obo/GO_0016874"}, {"group": 0, "name": "replication", "uri": "http://purl.obolibrary.org/obo/IDO_0000608"}, {"group": 0, "name": "anion binding", "uri": "http://purl.obolibrary.org/obo/GO_0043168"}, {"group": 0, "name": "organic cyclic compound metabolic process", "uri": "http://purl.obolibrary.org/obo/GO_1901360"}, {"group": 0, "name": "heterocyclic compound binding", "uri": "http://purl.obolibrary.org/obo/GO_1901363"}, {"group": 0, "name": "DNA replication initiation from late origin", "uri": "http://purl.obolibrary.org/obo/GO_0061487"}, {"group": 0, "name": "acquisition of nutrients from other organism during symbiotic interaction", "uri": "http://purl.obolibrary.org/obo/GO_0051816"}, {"group": 0, "name": "oxidoreductase activity, oxidizing metal ions", "uri": "http://purl.obolibrary.org/obo/GO_0016722"}, {"group": 0, "name": "flocculation", "uri": "http://purl.obolibrary.org/obo/GO_0000128"}, {"group": 0, "name": "small molecule binding", "uri": "http://purl.obolibrary.org/obo/GO_0036094"}, {"group": 0, "name": "DNA topoisomerase activity", "uri": "http://purl.obolibrary.org/obo/GO_0003916"}, {"group": 0, "name": "cleavage furrow ingression", "uri": "http://purl.obolibrary.org/obo/GO_0036090"}, {"group": 0, "name": "oxidoreductase activity, acting on a heme group of donors", "uri": "http://purl.obolibrary.org/obo/GO_0016675"}, {"group": 0, "name": "oxidoreductase activity, acting on a heme group of donors, oxygen as acceptor", "uri": "http://purl.obolibrary.org/obo/GO_0016676"}, {"group": 0, "name": "oxidoreductase activity, acting on a sulfur group of donors, quinone or similar compound as acceptor", "uri": "http://purl.obolibrary.org/obo/GO_0016672"}, {"group": 0, "name": "single-organism organelle organization", "uri": "http://purl.obolibrary.org/obo/GO_1902589"}, {"group": 0, "name": "centriole elongation", "uri": "http://purl.obolibrary.org/obo/GO_0061511"}, {"group": 0, "name": "oxidoreductase activity, acting on diphenols and related substances as donors", "uri": "http://purl.obolibrary.org/obo/GO_0016679"}, {"group": 0, "name": "fatty acid ligase activity", "uri": "http://purl.obolibrary.org/obo/GO_0015645"}, {"group": 0, "name": "regulation of type B pancreatic cell proliferation", "uri": "http://purl.obolibrary.org/obo/GO_0061469"}, {"group": 0, "name": "heme-copper terminal oxidase activity", "uri": "http://purl.obolibrary.org/obo/GO_0015002"}, {"group": 0, "name": "single-organism cellular process", "uri": "http://purl.obolibrary.org/obo/GO_0044763"}, {"group": 0, "name": "pre-replicative complex assembly", "uri": "http://purl.obolibrary.org/obo/GO_0036388"}, {"group": 0, "name": null, "uri": "http://www.bioassayontology.org/bao#BAO_0003117"}, {"group": 0, "name": "macromolecule localization", "uri": "http://purl.obolibrary.org/obo/GO_0033036"}, {"group": 0, "name": "pre-replicative complex assembly involved in cell cycle DNA replication", "uri": "http://purl.obolibrary.org/obo/GO_1902299"}, {"group": 0, "name": "maintenance of fidelity involved in cell cycle DNA replication", "uri": "http://purl.obolibrary.org/obo/GO_1902298"}, {"group": 0, "name": "synthesis of RNA primer involved in cell cycle DNA replication", "uri": "http://purl.obolibrary.org/obo/GO_1902295"}, {"group": 0, "name": "oxidoreductase activity, acting on a sulfur group of donors", "uri": "http://purl.obolibrary.org/obo/GO_0016667"}, {"group": 0, "name": "DNA unwinding involved in cell cycle DNA replication", "uri": "http://purl.obolibrary.org/obo/GO_1902297"}, {"group": 0, "name": "DNA strand elongation involved in cell cycle DNA replication", "uri": "http://purl.obolibrary.org/obo/GO_1902296"}, {"group": 0, "name": "DNA ligation involved in cell cycle DNA replication", "uri": "http://purl.obolibrary.org/obo/GO_1902291"}, {"group": 0, "name": "maintenance of fidelity involved in DNA-dependent DNA replication", "uri": "http://purl.obolibrary.org/obo/GO_0045005"}, {"group": 0, "name": "DNA replication initiation involved in cell cycle DNA replication", "uri": "http://purl.obolibrary.org/obo/GO_1902292"}, {"group": 0, "name": "DNA unwinding involved in DNA replication", "uri": "http://purl.obolibrary.org/obo/GO_0006268"}, {"group": 0, "name": "DNA replication, synthesis of RNA primer", "uri": "http://purl.obolibrary.org/obo/GO_0006269"}, {"group": 0, "name": "regulation of chorionic trophoblast cell proliferation", "uri": "http://purl.obolibrary.org/obo/GO_1901382"}, {"group": 0, "name": "cellular process", "uri": "http://purl.obolibrary.org/obo/GO_0009987"}, {"group": 0, "name": "mitotic G2 cell cycle arrest in response to glucose starvation", "uri": "http://purl.obolibrary.org/obo/GO_0036227"}, {"group": 0, "name": "cell cycle arrest in response to glucose starvation", "uri": "http://purl.obolibrary.org/obo/GO_0036226"}, {"group": 0, "name": "DNA topoisomerase II activity", "uri": "http://purl.obolibrary.org/obo/GO_0061505"}, {"group": 0, "name": "gene conversion at mating-type locus, termination of copy-synthesis", "uri": "http://purl.obolibrary.org/obo/GO_0061500"}, {"group": 0, "name": null, "uri": "http://purl.obolibrary.org/obo/CCO_0000001"}, {"group": 0, "name": null, "uri": "http://purl.obolibrary.org/obo/CCO_0000002"}, {"group": 0, "name": null, "uri": "http://purl.obolibrary.org/obo/CCO_0000003"}, {"group": 0, "name": "karyomere membrane fusion", "uri": "http://purl.obolibrary.org/obo/GO_0061472"}, {"group": 0, "name": "retroviral genome replication", "uri": "http://purl.obolibrary.org/obo/GO_0045090"}, {"group": 0, "name": "interspecies interaction between organisms", "uri": "http://purl.obolibrary.org/obo/GO_0044419"}, {"group": 0, "name": "oxidoreductase activity, acting on CH-OH group of donors", "uri": "http://purl.obolibrary.org/obo/GO_0016614"}, {"group": 0, "name": "process", "uri": "http://purl.obolibrary.org/obo/span_Process"}, {"group": 0, "name": "protein localization", "uri": "http://purl.obolibrary.org/obo/GO_0008104"}, {"group": 0, "name": null, "uri": "http://purl.obolibrary.org/obo/GO_0016853"}, {"group": 0, "name": null, "uri": "http://purl.obolibrary.org/obo/SIO_000006"}, {"group": 0, "name": "homeostasis of number of cells in a free-living population", "uri": "http://purl.obolibrary.org/obo/GO_0048874"}, {"group": 0, "name": null, "uri": "http://purl.obolibrary.org/obo/GO_0022415"}, {"group": 0, "name": "protein phosphorylation", "uri": "http://purl.obolibrary.org/obo/GO_0006468"}, {"group": 0, "name": "protein complex binding", "uri": "http://purl.obolibrary.org/obo/GO_0032403"}, {"group": 0, "name": "mitotic DNA replication", "uri": "http://purl.obolibrary.org/obo/GO_1902969"}, {"group": 0, "name": null, "uri": "http://www.bioassayontology.org/bao#BAO_0200547"}, {"group": 0, "name": null, "uri": "http://purl.obolibrary.org/obo/GO_0006464"}, {"group": 0, "name": null, "uri": "http://purl.obolibrary.org/obo/GO_0004871"}, {"group": 0, "name": "receptor activity", "uri": "http://purl.obolibrary.org/obo/GO_0004872"}, {"group": 0, "name": "primary metabolic process", "uri": "http://purl.obolibrary.org/obo/GO_0044238"}, {"group": 0, "name": "DNA replication termination involved in cell cycle DNA replication", "uri": "http://purl.obolibrary.org/obo/GO_1902294"}, {"group": 0, "name": "cell division", "uri": "http://purl.obolibrary.org/obo/GO_0051301"}, {"group": 0, "name": "DNA replication termination", "uri": "http://purl.obolibrary.org/obo/GO_0006274"}, {"group": 0, "name": "cell quiescence", "uri": "http://purl.obolibrary.org/obo/GO_0044838"}, {"group": 0, "name": "DNA strand elongation involved in DNA replication", "uri": "http://purl.obolibrary.org/obo/GO_0006271"}, {"group": 0, "name": "DNA replication initiation", "uri": "http://purl.obolibrary.org/obo/GO_0006270"}, {"group": 0, "name": "pre-replicative complex assembly involved in bacterial-type DNA replication", "uri": "http://purl.obolibrary.org/obo/GO_0036390"}, {"group": 0, "name": "oxidoreductase activity, acting on the CH-CH group of donors", "uri": "http://purl.obolibrary.org/obo/GO_0016627"}, {"group": 0, "name": "cytokinetic process", "uri": "http://purl.obolibrary.org/obo/GO_0032506"}, {"group": 0, "name": "mutualism", "uri": "http://purl.obolibrary.org/obo/GO_0085030"}, {"group": 0, "name": "protein localization to barrier septum", "uri": "http://purl.obolibrary.org/obo/GO_1902432"}, {"group": 0, "name": "DNA duplex unwinding", "uri": "http://purl.obolibrary.org/obo/GO_0032508"}, {"group": 0, "name": null, "uri": "http://purl.obolibrary.org/obo/GO_0016829"}, {"group": 0, "name": "quinone binding", "uri": "http://purl.obolibrary.org/obo/GO_0048038"}, {"group": 0, "name": "cell cycle process", "uri": "http://purl.obolibrary.org/obo/GO_0022402"}, {"group": 0, "name": "Thing", "uri": "http://www.w3.org/2002/07/owl#Thing"}, {"group": 0, "name": "oxidoreductase activity, acting on the aldehyde or oxo group of donors", "uri": "http://purl.obolibrary.org/obo/GO_0016903"}, {"group": 0, "name": null, "uri": "http://purl.obolibrary.org/obo/GO_0030246"}, {"group": 0, "name": "multi-organism process", "uri": "http://purl.obolibrary.org/obo/GO_0051704"}, {"group": 0, "name": "negative regulation of cell cycle", "uri": "http://purl.obolibrary.org/obo/GO_0045786"}, {"group": 0, "name": "RNA biosynthetic process", "uri": "http://purl.obolibrary.org/obo/GO_0032774"}, {"group": 0, "name": null, "uri": "http://purl.obolibrary.org/obo/GO_0048037"}, {"group": 0, "name": "transferase activity, transferring acyl groups, acyl groups converted into alkyl on transfer", "uri": "http://purl.obolibrary.org/obo/GO_0046912"}, {"group": 0, "name": "cytoskeleton-dependent cytokinesis", "uri": "http://purl.obolibrary.org/obo/GO_0061640"}, {"group": 0, "name": "actin filament binding", "uri": "http://purl.obolibrary.org/obo/GO_0051015"}, {"group": 0, "name": "organic cyclic compound binding", "uri": "http://purl.obolibrary.org/obo/GO_0097159"}, {"group": 0, "name": "regulation of nucleus size involved in G1 to G0 transition", "uri": "http://purl.obolibrary.org/obo/GO_1900527"}, {"group": 0, "name": "multi-organism cellular process", "uri": "http://purl.obolibrary.org/obo/GO_0044764"}, {"group": 0, "name": "viral process", "uri": "http://purl.obolibrary.org/obo/GO_0016032"}, {"group": 0, "name": "transferase activity, transferring acyl groups", "uri": "http://purl.obolibrary.org/obo/GO_0016746"}, {"group": 0, "name": "transferase activity", "uri": "http://purl.obolibrary.org/obo/GO_0016740"}, {"group": 0, "name": "transferase activity, transferring one-carbon groups", "uri": "http://purl.obolibrary.org/obo/GO_0016741"}, {"group": 0, "name": "aggregation of unicellular organisms", "uri": "http://purl.obolibrary.org/obo/GO_0098630"}, {"group": 0, "name": "carboxyl- or carbamoyltransferase activity", "uri": "http://purl.obolibrary.org/obo/GO_0016743"}, {"group": 0, "name": null, "uri": "http://purl.obolibrary.org/obo/GO_0006266"}, {"group": 0, "name": "bodily process\"", "uri": "http://purl.obolibrary.org/obo/OGMS_0000060"}, {"group": 0, "name": "process", "uri": "http://www.ifomis.org/bfo/1.1/span#Process"}, {"group": 0, "name": null, "uri": "http://purl.obolibrary.org/obo/GO_0019213"}, {"group": 0, "name": "glyoxalase III activity", "uri": "http://purl.obolibrary.org/obo/GO_0019172"}, {"group": 0, "name": "protein binding", "uri": "http://purl.obolibrary.org/obo/GO_0005515"}, {"group": 0, "name": "monosaccharide binding", "uri": "http://purl.obolibrary.org/obo/GO_0048029"}, {"group": 0, "name": null, "uri": "http://www.bioassayontology.org/bao#BAO_0000264"}, {"group": 0, "name": "hydro-lyase activity", "uri": "http://purl.obolibrary.org/obo/GO_0016836"}, {"group": 0, "name": null, "uri": "http://purl.obolibrary.org/obo/GO_0003677"}, {"group": 0, "name": "molecular_function", "uri": "http://purl.obolibrary.org/obo/GO_0003674"}, {"group": 0, "name": "carbon-oxygen lyase activity", "uri": "http://purl.obolibrary.org/obo/GO_0016835"}, {"group": 0, "name": "biological_process", "uri": "http://purl.obolibrary.org/obo/GO_0008150"}, {"group": 0, "name": "contractile ring maintenance", "uri": "http://purl.obolibrary.org/obo/GO_0036212"}, {"group": 0, "name": "oxidoreductase activity, acting on the CH-NH2 group of donors", "uri": "http://purl.obolibrary.org/obo/GO_0016638"}, {"group": 0, "name": "mannose-specific flocculation", "uri": "http://purl.obolibrary.org/obo/GO_0036350"}, {"group": 0, "name": "feeding behavior", "uri": "http://purl.obolibrary.org/obo/GO_0007631"}, {"group": 0, "name": "sulfite reductase activity", "uri": "http://purl.obolibrary.org/obo/GO_0016002"}, {"group": 0, "name": "carbohydrate derivative binding", "uri": "http://purl.obolibrary.org/obo/GO_0097367"}, {"group": 0, "name": "DNA strand elongation involved in nuclear cell cycle DNA replication", "uri": "http://purl.obolibrary.org/obo/GO_1902319"}, {"group": 0, "name": "actin binding", "uri": "http://purl.obolibrary.org/obo/GO_0003779"}, {"group": 0, "name": "NADH dehydrogenase activity", "uri": "http://purl.obolibrary.org/obo/GO_0003954"}, {"group": 0, "name": "cellular aromatic compound metabolic process", "uri": "http://purl.obolibrary.org/obo/GO_0006725"}, {"group": 0, "name": "cellular nitrogen compound metabolic process", "uri": "http://purl.obolibrary.org/obo/GO_0034641"}, {"group": 0, "name": "oxidoreductase activity, oxidizing metal ions, NAD or NADP as acceptor", "uri": "http://purl.obolibrary.org/obo/GO_0016723"}, {"group": 0, "name": "cell cycle arrest in response to caffeine", "uri": "http://purl.obolibrary.org/obo/GO_0072694"}, {"group": 0, "name": "cyclo-ligase activity", "uri": "http://purl.obolibrary.org/obo/GO_0016882"}, {"group": 0, "name": null, "uri": "http://www.bioassayontology.org/bao#BAO_0003075"}, {"group": 0, "name": "acid-ammonia (or amide) ligase activity", "uri": "http://purl.obolibrary.org/obo/GO_0016880"}, {"group": 0, "name": "fatty acid binding", "uri": "http://purl.obolibrary.org/obo/GO_0005504"}, {"group": 0, "name": "mitotic cell cycle process", "uri": "http://purl.obolibrary.org/obo/GO_1903047"}, {"group": 0, "name": "cellular response to caffeine", "uri": "http://purl.obolibrary.org/obo/GO_0071313"}, {"group": 0, "name": "DNA strand elongation involved in mitotic DNA replication", "uri": "http://purl.obolibrary.org/obo/GO_1902983"}, {"group": 0, "name": "ligase activity, forming carbon-nitrogen bonds", "uri": "http://purl.obolibrary.org/obo/GO_0016879"}, {"group": 0, "name": "processual_entity", "uri": "http://www.ifomis.org/bfo/1.1/span#ProcessualEntity"}, {"group": 0, "name": "commensalism", "uri": "http://purl.obolibrary.org/obo/GO_0085031"}, {"group": 0, "name": "nuclear cell cycle DNA replication", "uri": "http://purl.obolibrary.org/obo/GO_0033260"}, {"group": 0, "name": "fructose binding", "uri": "http://purl.obolibrary.org/obo/GO_0070061"}, {"group": 0, "name": "cell cycle G2/M phase transition", "uri": "http://purl.obolibrary.org/obo/GO_0044839"}, {"group": 0, "name": "negative regulation of protein import into nucleus during spindle assembly checkpoint", "uri": "http://purl.obolibrary.org/obo/GO_1901925"}, {"group": 0, "name": "catalytic activity", "uri": "http://purl.obolibrary.org/obo/GO_0003824"}, {"group": 0, "name": null, "uri": "http://purl.obolibrary.org/obo/GO_0042308"}, {"group": 0, "name": "5-O-phosphono-alpha-D-ribofuranosyl diphosphate binding", "uri": "http://purl.obolibrary.org/obo/GO_1902248"}, {"group": 0, "name": "cellular response to glucose starvation", "uri": "http://purl.obolibrary.org/obo/GO_0042149"}, {"group": 0, "name": "dephosphorylation", "uri": "http://purl.obolibrary.org/obo/GO_0016311"}, {"group": 0, "name": "phosphorylation", "uri": "http://purl.obolibrary.org/obo/GO_0016310"}, {"group": 0, "name": "oxidoreductase activity, acting on the CH-NH2 group of donors, oxygen as acceptor", "uri": "http://purl.obolibrary.org/obo/GO_0016641"}, {"group": 0, "name": null, "uri": "http://purl.obolibrary.org/obo/GO_0090174"}, {"group": 0, "name": "GO_0019077", "uri": "http://purl.obolibrary.org/obo/GO_0019077"}, {"group": 0, "name": "ubiquinone binding", "uri": "http://purl.obolibrary.org/obo/GO_0048039"}, {"group": 0, "name": "pyruvate dehydrogenase activity", "uri": "http://purl.obolibrary.org/obo/GO_0004738"}, {"group": 0, "name": "protein localization to mating projection tip", "uri": "http://purl.obolibrary.org/obo/GO_1903260"}, {"group": 0, "name": "protein deacetylase activity", "uri": "http://purl.obolibrary.org/obo/GO_0033558"}, {"group": 0, "name": "process", "uri": "http://purl.obolibrary.org/obo/BFO_0000007"}, {"group": 0, "name": "DNA strand elongation", "uri": "http://purl.obolibrary.org/obo/GO_0022616"}, {"group": 0, "name": "biological phase", "uri": "http://purl.obolibrary.org/obo/GO_0044848"}, {"group": 0, "name": "glucose binding", "uri": "http://purl.obolibrary.org/obo/GO_0005536"}, {"group": 0, "name": "galactose binding", "uri": "http://purl.obolibrary.org/obo/GO_0005534"}, {"group": 0, "name": null, "uri": "http://purl.obolibrary.org/obo/GO_0016491"}, {"group": 0, "name": "viral genome replication", "uri": "http://purl.obolibrary.org/obo/GO_0019079"}, {"group": 0, "name": "leptomycin B binding", "uri": "http://purl.obolibrary.org/obo/GO_1901707"}, {"group": 0, "name": null, "uri": "http://purl.obolibrary.org/obo/GO_0043687"}, {"group": 0, "name": "cell cycle phase", "uri": "http://purl.obolibrary.org/obo/GO_0022403"}, {"group": 0, "name": "ribonucleotide binding", "uri": "http://purl.obolibrary.org/obo/GO_0032553"}, {"group": 0, "name": "nitrogen compound metabolic process", "uri": "http://purl.obolibrary.org/obo/GO_0006807"}, {"group": 0, "name": "hydrolase activity, hydrolyzing N-glycosyl compounds", "uri": "http://purl.obolibrary.org/obo/GO_0016799"}, {"group": 0, "name": "hydrolase activity, acting on glycosyl bonds", "uri": "http://purl.obolibrary.org/obo/GO_0016798"}, {"group": 0, "name": "nucleoside phosphate binding", "uri": "http://purl.obolibrary.org/obo/GO_1901265"}, {"group": 0, "name": "cysteine synthase activity", "uri": "http://purl.obolibrary.org/obo/GO_0004124"}, {"group": 0, "name": "initiation of premeiotic DNA replication", "uri": "http://purl.obolibrary.org/obo/GO_0072691"}, {"group": 0, "name": "beta-adrenergic receptor activity", "uri": "http://purl.obolibrary.org/obo/GO_0004939"}, {"group": 0, "name": "protein phosphorylation involved in cellular protein catabolic process", "uri": "http://purl.obolibrary.org/obo/GO_1902002"}, {"group": 0, "name": "viral release from host cell", "uri": "http://purl.obolibrary.org/obo/GO_0019076"}, {"group": 0, "name": "behavior", "uri": "http://purl.obolibrary.org/obo/GO_0007610"}, {"group": 0, "name": null, "uri": "http://purl.obolibrary.org/obo/GO_0097298"}, {"group": 0, "name": "hydrolase activity", "uri": "http://purl.obolibrary.org/obo/GO_0016787"}, {"group": 0, "name": null, "uri": "http://purl.obolibrary.org/obo/GO_0004935"}, {"group": 0, "name": "DNA ligation involved in DNA-dependent DNA replication", "uri": "http://purl.obolibrary.org/obo/GO_0051104"}, {"group": 0, "name": "polynucleotide dephosphorylation", "uri": "http://purl.obolibrary.org/obo/GO_0098501"}, {"group": 0, "name": "hydroxymethyl-, formyl- and related transferase activity", "uri": "http://purl.obolibrary.org/obo/GO_0016742"}, {"group": 0, "name": "cell cycle G1/S phase transition", "uri": "http://purl.obolibrary.org/obo/GO_0044843"}, {"group": 0, "name": "macromolecule metabolic process", "uri": "http://purl.obolibrary.org/obo/GO_0043170"}, {"group": 0, "name": "polynucleotide 3' dephosphorylation", "uri": "http://purl.obolibrary.org/obo/GO_0098506"}, {"group": 0, "name": "nucleobase-containing compound metabolic process", "uri": "http://purl.obolibrary.org/obo/GO_0006139"}, {"group": 0, "name": "oxidoreductase activity, acting on NAD(P)H, quinone or similar compound as acceptor", "uri": "http://purl.obolibrary.org/obo/GO_0016655"}, {"group": 0, "name": "phosphoribosylamine-glycine ligase activity", "uri": "http://purl.obolibrary.org/obo/GO_0004637"}, {"group": 0, "name": "oxidoreductase activity, acting on NAD(P)H, heme protein as acceptor", "uri": "http://purl.obolibrary.org/obo/GO_0016653"}, {"group": 0, "name": "cytokinesis", "uri": "http://purl.obolibrary.org/obo/GO_0000910"}, {"group": 0, "name": "oxidoreductase activity, acting on NAD(P)H", "uri": "http://purl.obolibrary.org/obo/GO_0016651"}, {"group": 0, "name": "process", "uri": "http://purl.obolibrary.org/obo/BFO_0000015"}, {"group": 0, "name": null, "uri": "http://purl.obolibrary.org/obo/GO_0043167"}, {"group": 0, "name": null, "uri": "http://www.bioassayontology.org/bao#BAO_0003114"}, {"group": 0, "name": null, "uri": "http://purl.obolibrary.org/obo/GO_0005529"}, {"group": 0, "name": "malate dehydrogenase activity", "uri": "http://purl.obolibrary.org/obo/GO_0016615"}, {"group": 0, "name": "galactose-specific flocculation", "uri": "http://purl.obolibrary.org/obo/GO_0036349"}, {"group": 0, "name": "regulation of synoviocyte proliferation", "uri": "http://purl.obolibrary.org/obo/GO_1901645"}, {"group": 0, "name": "cell aggregation", "uri": "http://purl.obolibrary.org/obo/GO_0098743"}, {"group": 0, "name": "metabolic process", "uri": "http://purl.obolibrary.org/obo/GO_0008152"}, {"group": 0, "name": "mannose binding", "uri": "http://purl.obolibrary.org/obo/GO_0005537"}, {"group": 0, "name": "intramolecular transferase activity, transferring acyl groups", "uri": "http://purl.obolibrary.org/obo/GO_0016867"}, {"group": 0, "name": "intramolecular transferase activity", "uri": "http://purl.obolibrary.org/obo/GO_0016866"}, {"group": 0, "name": "disulfide oxidoreductase activity", "uri": "http://purl.obolibrary.org/obo/GO_0015036"}, {"group": 0, "name": "cytoskeletal protein binding", "uri": "http://purl.obolibrary.org/obo/GO_0008092"}, {"group": 0, "name": "cell cycle phase transition", "uri": "http://purl.obolibrary.org/obo/GO_0044770"}, {"group": 0, "name": "intramolecular transferase activity, phosphotransferases", "uri": "http://purl.obolibrary.org/obo/GO_0016868"}], "links": [{"source": 1, "target": 96, "value": 1}, {"source": 2, "target": 129, "value": 1}, {"source": 2, "target": 134, "value": 1}, {"source": 2, "target": 78, "value": 1}, {"source": 2, "target": 13, "value": 1}, {"source": 2, "target": 106, "value": 1}, {"source": 4, "target": 180, "value": 1}, {"source": 53, "target": 180, "value": 1}, {"source": 10, "target": 102, "value": 1}, {"source": 10, "target": 67, "value": 1}, {"source": 10, "target": 9, "value": 1}, {"source": 38, "target": 37, "value": 1}, {"source": 94, "target": 50, "value": 1}, {"source": 50, "target": 47, "value": 1}, {"source": 47, "target": 69, "value": 1}, {"source": 47, "target": 12, "value": 1}, {"source": 50, "target": 102, "value": 1}, {"source": 24, "target": 25, "value": 1}, {"source": 25, "target": 162, "value": 1}, {"source": 25, "target": 132, "value": 1}, {"source": 114, "target": 102, "value": 1}, {"source": 114, "target": 196, "value": 1}, {"source": 31, "target": 138, "value": 1}, {"source": 138, "target": 195, "value": 1}, {"source": 195, "target": 134, "value": 1}, {"source": 195, "target": 5, "value": 1}, {"source": 195, "target": 123, "value": 1}, {"source": 138, "target": 3, "value": 1}, {"source": 36, "target": 96, "value": 1}, {"source": 37, "target": 180, "value": 1}, {"source": 217, "target": 7, "value": 1}, {"source": 217, "target": 13, "value": 1}, {"source": 39, "target": 53, "value": 1}, {"source": 41, "target": 102, "value": 1}, {"source": 41, "target": 40, "value": 1}, {"source": 41, "target": 0, "value": 1}, {"source": 42, "target": 180, "value": 1}, {"source": 43, "target": 24, "value": 1}, {"source": 44, "target": 7, "value": 1}, {"source": 44, "target": 13, "value": 1}, {"source": 45, "target": 180, "value": 1}, {"source": 51, "target": 57, "value": 1}, {"source": 57, "target": 69, "value": 1}, {"source": 57, "target": 14, "value": 1}, {"source": 51, "target": 102, "value": 1}, {"source": 52, "target": 60, "value": 1}, {"source": 60, "target": 69, "value": 1}, {"source": 69, "target": 134, "value": 1}, {"source": 134, "target": 213, "value": 1}, {"source": 213, "target": 103, "value": 1}, {"source": 134, "target": 77, "value": 1}, {"source": 134, "target": 156, "value": 1}, {"source": 134, "target": 103, "value": 1}, {"source": 134, "target": 175, "value": 1}, {"source": 134, "target": 211, "value": 1}, {"source": 134, "target": 124, "value": 1}, {"source": 134, "target": 74, "value": 1}, {"source": 60, "target": 14, "value": 1}, {"source": 60, "target": 108, "value": 1}, {"source": 52, "target": 102, "value": 1}, {"source": 88, "target": 102, "value": 1}, {"source": 88, "target": 90, "value": 1}, {"source": 54, "target": 59, "value": 1}, {"source": 59, "target": 69, "value": 1}, {"source": 59, "target": 99, "value": 1}, {"source": 54, "target": 102, "value": 1}, {"source": 56, "target": 102, "value": 1}, {"source": 102, "target": 134, "value": 1}, {"source": 102, "target": 46, "value": 1}, {"source": 102, "target": 62, "value": 1}, {"source": 56, "target": 199, "value": 1}, {"source": 56, "target": 122, "value": 1}, {"source": 58, "target": 102, "value": 1}, {"source": 58, "target": 93, "value": 1}, {"source": 201, "target": 119, "value": 1}, {"source": 119, "target": 118, "value": 1}, {"source": 61, "target": 7, "value": 1}, {"source": 7, "target": 68, "value": 1}, {"source": 68, "target": 134, "value": 1}, {"source": 7, "target": 20, "value": 1}, {"source": 7, "target": 13, "value": 1}, {"source": 61, "target": 13, "value": 1}, {"source": 63, "target": 23, "value": 1}, {"source": 23, "target": 15, "value": 1}, {"source": 63, "target": 64, "value": 1}, {"source": 64, "target": 15, "value": 1}, {"source": 64, "target": 165, "value": 1}, {"source": 65, "target": 35, "value": 1}, {"source": 35, "target": 76, "value": 1}, {"source": 76, "target": 162, "value": 1}, {"source": 76, "target": 132, "value": 1}, {"source": 35, "target": 131, "value": 1}, {"source": 66, "target": 19, "value": 1}, {"source": 19, "target": 90, "value": 1}, {"source": 90, "target": 69, "value": 1}, {"source": 90, "target": 14, "value": 1}, {"source": 66, "target": 18, "value": 1}, {"source": 182, "target": 29, "value": 1}, {"source": 29, "target": 17, "value": 1}, {"source": 17, "target": 149, "value": 1}, {"source": 17, "target": 132, "value": 1}, {"source": 17, "target": 103, "value": 1}, {"source": 182, "target": 113, "value": 1}, {"source": 182, "target": 151, "value": 1}, {"source": 70, "target": 102, "value": 1}, {"source": 70, "target": 152, "value": 1}, {"source": 70, "target": 169, "value": 1}, {"source": 189, "target": 29, "value": 1}, {"source": 189, "target": 113, "value": 1}, {"source": 71, "target": 181, "value": 1}, {"source": 181, "target": 129, "value": 1}, {"source": 181, "target": 134, "value": 1}, {"source": 181, "target": 116, "value": 1}, {"source": 181, "target": 79, "value": 1}, {"source": 181, "target": 26, "value": 1}, {"source": 215, "target": 73, "value": 1}, {"source": 73, "target": 180, "value": 1}, {"source": 223, "target": 53, "value": 1}, {"source": 82, "target": 152, "value": 1}, {"source": 152, "target": 102, "value": 1}, {"source": 82, "target": 158, "value": 1}, {"source": 95, "target": 180, "value": 1}, {"source": 180, "target": 162, "value": 1}, {"source": 180, "target": 132, "value": 1}, {"source": 97, "target": 8, "value": 1}, {"source": 8, "target": 72, "value": 1}, {"source": 72, "target": 134, "value": 1}, {"source": 72, "target": 106, "value": 1}, {"source": 8, "target": 106, "value": 1}, {"source": 157, "target": 8, "value": 1}, {"source": 171, "target": 101, "value": 1}, {"source": 101, "target": 109, "value": 1}, {"source": 109, "target": 17, "value": 1}, {"source": 110, "target": 117, "value": 1}, {"source": 117, "target": 118, "value": 1}, {"source": 111, "target": 209, "value": 1}, {"source": 209, "target": 102, "value": 1}, {"source": 209, "target": 67, "value": 1}, {"source": 209, "target": 62, "value": 1}, {"source": 209, "target": 134, "value": 1}, {"source": 209, "target": 89, "value": 1}, {"source": 112, "target": 81, "value": 1}, {"source": 81, "target": 127, "value": 1}, {"source": 112, "target": 142, "value": 1}, {"source": 30, "target": 93, "value": 1}, {"source": 116, "target": 129, "value": 1}, {"source": 116, "target": 134, "value": 1}, {"source": 116, "target": 8, "value": 1}, {"source": 116, "target": 115, "value": 1}, {"source": 118, "target": 162, "value": 1}, {"source": 118, "target": 132, "value": 1}, {"source": 120, "target": 218, "value": 1}, {"source": 218, "target": 134, "value": 1}, {"source": 120, "target": 115, "value": 1}, {"source": 121, "target": 119, "value": 1}, {"source": 207, "target": 155, "value": 1}, {"source": 128, "target": 105, "value": 1}, {"source": 105, "target": 17, "value": 1}, {"source": 128, "target": 214, "value": 1}, {"source": 135, "target": 96, "value": 1}, {"source": 96, "target": 102, "value": 1}, {"source": 96, "target": 67, "value": 1}, {"source": 96, "target": 62, "value": 1}, {"source": 136, "target": 180, "value": 1}, {"source": 137, "target": 6, "value": 1}, {"source": 139, "target": 53, "value": 1}, {"source": 142, "target": 224, "value": 1}, {"source": 224, "target": 127, "value": 1}, {"source": 127, "target": 17, "value": 1}, {"source": 127, "target": 124, "value": 1}, {"source": 127, "target": 132, "value": 1}, {"source": 143, "target": 210, "value": 1}, {"source": 146, "target": 32, "value": 1}, {"source": 32, "target": 180, "value": 1}, {"source": 148, "target": 155, "value": 1}, {"source": 155, "target": 25, "value": 1}, {"source": 150, "target": 155, "value": 1}, {"source": 154, "target": 141, "value": 1}, {"source": 141, "target": 55, "value": 1}, {"source": 55, "target": 92, "value": 1}, {"source": 92, "target": 69, "value": 1}, {"source": 92, "target": 176, "value": 1}, {"source": 55, "target": 102, "value": 1}, {"source": 141, "target": 176, "value": 1}, {"source": 98, "target": 75, "value": 1}, {"source": 75, "target": 134, "value": 1}, {"source": 75, "target": 49, "value": 1}, {"source": 159, "target": 128, "value": 1}, {"source": 160, "target": 225, "value": 1}, {"source": 164, "target": 27, "value": 1}, {"source": 27, "target": 212, "value": 1}, {"source": 212, "target": 17, "value": 1}, {"source": 164, "target": 140, "value": 1}, {"source": 173, "target": 75, "value": 1}, {"source": 168, "target": 136, "value": 1}, {"source": 170, "target": 129, "value": 1}, {"source": 170, "target": 134, "value": 1}, {"source": 170, "target": 194, "value": 1}, {"source": 172, "target": 104, "value": 1}, {"source": 104, "target": 180, "value": 1}, {"source": 161, "target": 102, "value": 1}, {"source": 161, "target": 22, "value": 1}, {"source": 161, "target": 163, "value": 1}, {"source": 174, "target": 125, "value": 1}, {"source": 125, "target": 197, "value": 1}, {"source": 177, "target": 134, "value": 1}, {"source": 178, "target": 128, "value": 1}, {"source": 179, "target": 128, "value": 1}, {"source": 185, "target": 11, "value": 1}, {"source": 11, "target": 189, "value": 1}, {"source": 11, "target": 34, "value": 1}, {"source": 11, "target": 17, "value": 1}, {"source": 185, "target": 140, "value": 1}, {"source": 187, "target": 188, "value": 1}, {"source": 188, "target": 197, "value": 1}, {"source": 147, "target": 15, "value": 1}, {"source": 15, "target": 129, "value": 1}, {"source": 15, "target": 134, "value": 1}, {"source": 15, "target": 107, "value": 1}, {"source": 15, "target": 102, "value": 1}, {"source": 147, "target": 153, "value": 1}, {"source": 190, "target": 133, "value": 1}, {"source": 133, "target": 100, "value": 1}, {"source": 100, "target": 162, "value": 1}, {"source": 100, "target": 132, "value": 1}, {"source": 191, "target": 93, "value": 1}, {"source": 93, "target": 69, "value": 1}, {"source": 93, "target": 14, "value": 1}, {"source": 191, "target": 58, "value": 1}, {"source": 192, "target": 86, "value": 1}, {"source": 86, "target": 149, "value": 1}, {"source": 149, "target": 48, "value": 1}, {"source": 48, "target": 213, "value": 1}, {"source": 86, "target": 132, "value": 1}, {"source": 86, "target": 85, "value": 1}, {"source": 192, "target": 198, "value": 1}, {"source": 193, "target": 80, "value": 1}, {"source": 80, "target": 129, "value": 1}, {"source": 129, "target": 213, "value": 1}, {"source": 80, "target": 134, "value": 1}, {"source": 80, "target": 167, "value": 1}, {"source": 80, "target": 84, "value": 1}, {"source": 80, "target": 183, "value": 1}, {"source": 200, "target": 205, "value": 1}, {"source": 205, "target": 16, "value": 1}, {"source": 16, "target": 21, "value": 1}, {"source": 16, "target": 134, "value": 1}, {"source": 205, "target": 87, "value": 1}, {"source": 205, "target": 28, "value": 1}, {"source": 205, "target": 145, "value": 1}, {"source": 205, "target": 144, "value": 1}, {"source": 205, "target": 219, "value": 1}, {"source": 205, "target": 62, "value": 1}, {"source": 205, "target": 21, "value": 1}, {"source": 205, "target": 186, "value": 1}, {"source": 200, "target": 203, "value": 1}, {"source": 200, "target": 166, "value": 1}, {"source": 202, "target": 225, "value": 1}, {"source": 225, "target": 102, "value": 1}, {"source": 204, "target": 200, "value": 1}, {"source": 204, "target": 166, "value": 1}, {"source": 206, "target": 210, "value": 1}, {"source": 210, "target": 180, "value": 1}, {"source": 126, "target": 162, "value": 1}, {"source": 126, "target": 130, "value": 1}, {"source": 208, "target": 210, "value": 1}, {"source": 216, "target": 6, "value": 1}, {"source": 6, "target": 33, "value": 1}, {"source": 33, "target": 120, "value": 1}, {"source": 33, "target": 106, "value": 1}, {"source": 33, "target": 115, "value": 1}, {"source": 91, "target": 184, "value": 1}, {"source": 184, "target": 129, "value": 1}, {"source": 184, "target": 134, "value": 1}, {"source": 184, "target": 102, "value": 1}, {"source": 184, "target": 177, "value": 1}, {"source": 220, "target": 128, "value": 1}, {"source": 221, "target": 222, "value": 1}, {"source": 222, "target": 76, "value": 1}, {"source": 197, "target": 162, "value": 1}, {"source": 162, "target": 149, "value": 1}, {"source": 162, "target": 132, "value": 1}, {"source": 162, "target": 83, "value": 1}, {"source": 197, "target": 132, "value": 1}, {"source": 226, "target": 222, "value": 1}]}