[{"to": "GO_0036089", "from": "GO_0032506"}, {"to": "GO_0009372", "from": "BAO_0000264"}, {"to": "GO_0009372", "from": "GO_0008150"}, {"to": "GO_0009372", "from": "GO_0048874"}, {"to": "GO_0009372", "from": "GO_0065007"}, {"to": "GO_0009372", "from": "GO_0051704"}, {"to": "GO_0030611", "from": "GO_0016491"}, {"to": "GO_0016667", "from": "GO_0016491"}, {"to": "GO_1901901", "from": "GO_0022402"}, {"to": "GO_1901901", "from": "CCO_0000001"}, {"to": "GO_1901901", "from": "GO_1901900"}, {"to": "GO_0016676", "from": "GO_0016675"}, {"to": "GO_0036390", "from": "GO_1902299"}, {"to": "GO_1902299", "from": "GO_0036388"}, {"to": "GO_0036388", "from": "CCO_0000003"}, {"to": "GO_0036388", "from": "GO_0065004"}, {"to": "GO_1902299", "from": "GO_0022402"}, {"to": "GO_0016877", "from": "GO_0016874"}, {"to": "GO_0016874", "from": "GO_0003824"}, {"to": "GO_0016874", "from": "GO_0003674"}, {"to": "GO_1900527", "from": "GO_0022402"}, {"to": "GO_1900527", "from": "GO_0097298"}, {"to": "GO_0051816", "from": "GO_0007631"}, {"to": "GO_0007631", "from": "GO_0007610"}, {"to": "GO_0007610", "from": "GO_0008150"}, {"to": "GO_0007610", "from": "GO_0050896"}, {"to": "GO_0007610", "from": "OGMS_0000060"}, {"to": "GO_0007631", "from": "NBO_0000313"}, {"to": "GO_0036090", "from": "GO_0032506"}, {"to": "GO_0016675", "from": "GO_0016491"}, {"to": "GO_1901645", "from": "GO_0042127"}, {"to": "GO_1901645", "from": "GO_0065007"}, {"to": "GO_0016672", "from": "GO_0016667"}, {"to": "GO_0061511", "from": "GO_0022402"}, {"to": "GO_0061511", "from": "GO_1902589"}, {"to": "GO_0061511", "from": "GO_0051297"}, {"to": "GO_0016679", "from": "GO_0016491"}, {"to": "GO_0015645", "from": "GO_0016877"}, {"to": "GO_0061469", "from": "GO_0042127"}, {"to": "GO_0061469", "from": "GO_0065007"}, {"to": "GO_0015002", "from": "GO_0016491"}, {"to": "GO_1902298", "from": "GO_0045005"}, {"to": "GO_0045005", "from": "CCO_0000003"}, {"to": "GO_0045005", "from": "GO_0006259"}, {"to": "GO_1902298", "from": "GO_0022402"}, {"to": "GO_1902295", "from": "GO_0006269"}, {"to": "GO_0006269", "from": "CCO_0000003"}, {"to": "CCO_0000003", "from": "GO_0008150"}, {"to": "GO_0008150", "from": "BAO_0003114"}, {"to": "BAO_0003114", "from": "Thing"}, {"to": "GO_0008150", "from": "SIO_000006"}, {"to": "GO_0008150", "from": "ProcessualEntity"}, {"to": "GO_0008150", "from": "Thing"}, {"to": "GO_0008150", "from": "BFO_0000007"}, {"to": "GO_0008150", "from": "BFO_0000015"}, {"to": "GO_0008150", "from": "Process"}, {"to": "GO_0008150", "from": "span_Process"}, {"to": "GO_0006269", "from": "GO_0006259"}, {"to": "GO_0006269", "from": "GO_0032774"}, {"to": "GO_1902295", "from": "GO_0022402"}, {"to": "GO_1902294", "from": "GO_0022402"}, {"to": "GO_1902294", "from": "GO_0006274"}, {"to": "GO_1902297", "from": "GO_0006268"}, {"to": "GO_0006268", "from": "CCO_0000003"}, {"to": "GO_0006268", "from": "GO_0032508"}, {"to": "GO_1902297", "from": "GO_0022402"}, {"to": "GO_1902291", "from": "GO_0022402"}, {"to": "GO_0022402", "from": "GO_0008150"}, {"to": "GO_0022402", "from": "GO_0044763"}, {"to": "GO_0022402", "from": "GO_0009987"}, {"to": "GO_1902291", "from": "GO_0051104"}, {"to": "GO_1902291", "from": "GO_0006266"}, {"to": "GO_1902292", "from": "GO_0022402"}, {"to": "GO_1902292", "from": "GO_0006270"}, {"to": "GO_0016742", "from": "GO_0016741"}, {"to": "GO_0016741", "from": "GO_0016740"}, {"to": "GO_1901382", "from": "GO_0042127"}, {"to": "GO_0042127", "from": "CCO_0000002"}, {"to": "CCO_0000002", "from": "GO_0008150"}, {"to": "GO_0042127", "from": "GO_0050794"}, {"to": "GO_0042127", "from": "GO_0065007"}, {"to": "GO_1901382", "from": "GO_0065007"}, {"to": "GO_0036227", "from": "GO_0071850"}, {"to": "GO_0071850", "from": "GO_0007050"}, {"to": "GO_0036227", "from": "GO_0036226"}, {"to": "GO_0036226", "from": "GO_0007050"}, {"to": "GO_0036226", "from": "GO_0042149"}, {"to": "GO_0061505", "from": "GO_0003916"}, {"to": "GO_0003916", "from": "GO_0016853"}, {"to": "GO_0016853", "from": "GO_0003824"}, {"to": "GO_0016853", "from": "GO_0003674"}, {"to": "GO_0003916", "from": "GO_0003677"}, {"to": "GO_0061500", "from": "GO_0071170"}, {"to": "GO_0071170", "from": "GO_0006274"}, {"to": "GO_0006274", "from": "CCO_0000003"}, {"to": "GO_0006274", "from": "GO_0006259"}, {"to": "GO_0061500", "from": "GO_0048610"}, {"to": "GO_1901707", "from": "GO_1901363"}, {"to": "GO_1901363", "from": "GO_0005488"}, {"to": "GO_0005488", "from": "BAO_0003075"}, {"to": "GO_0005488", "from": "GO_0003674"}, {"to": "GO_0005488", "from": "Thing"}, {"to": "GO_1901707", "from": "GO_0097159"}, {"to": "GO_1901707", "from": "GO_0005504"}, {"to": "GO_0061472", "from": "GO_0022402"}, {"to": "GO_0061472", "from": "GO_1903047"}, {"to": "GO_0061472", "from": "GO_0090174"}, {"to": "GO_1901265", "from": "GO_1901363"}, {"to": "GO_1901265", "from": "GO_0097159"}, {"to": "GO_0045090", "from": "GO_0019079"}, {"to": "GO_0019079", "from": "BAO_0000264"}, {"to": "GO_0019079", "from": "GO_0008150"}, {"to": "GO_0019079", "from": "GO_0016032"}, {"to": "GO_0019079", "from": "GO_0022415"}, {"to": "GO_0019079", "from": "IDO_0000608"}, {"to": "GO_0016615", "from": "GO_0016614"}, {"to": "GO_0016614", "from": "GO_0016491"}, {"to": "GO_0015036", "from": "GO_0016667"}, {"to": "GO_1902969", "from": "GO_1903047"}, {"to": "GO_1903047", "from": "GO_0022402"}, {"to": "GO_1902969", "from": "GO_0033260"}, {"to": "GO_0016627", "from": "GO_0016491"}, {"to": "GO_0016491", "from": "GO_0003824"}, {"to": "GO_0016491", "from": "GO_0003674"}, {"to": "GO_0085030", "from": "GO_0044403"}, {"to": "GO_0044403", "from": "GO_0044419"}, {"to": "GO_0044419", "from": "GO_0008150"}, {"to": "GO_0044419", "from": "GO_0051704"}, {"to": "GO_0044403", "from": "GO_0051704"}, {"to": "GO_0085031", "from": "GO_0044403"}, {"to": "GO_0048039", "from": "GO_0048038"}, {"to": "GO_0048038", "from": "GO_0048037"}, {"to": "GO_0048037", "from": "GO_0005488"}, {"to": "GO_0046912", "from": "GO_0016746"}, {"to": "GO_0016746", "from": "GO_0016740"}, {"to": "GO_0061640", "from": "GO_0000910"}, {"to": "GO_0000910", "from": "GO_0022402"}, {"to": "GO_0000910", "from": "CCO_0000001"}, {"to": "GO_0000910", "from": "GO_0009987"}, {"to": "GO_0000910", "from": "GO_0008150"}, {"to": "GO_0000910", "from": "GO_0051301"}, {"to": "GO_0051015", "from": "GO_0032403"}, {"to": "GO_0032403", "from": "GO_0005515"}, {"to": "GO_0051015", "from": "GO_0003779"}, {"to": "GO_0061487", "from": "GO_0006270"}, {"to": "GO_0016032", "from": "BAO_0000264"}, {"to": "GO_0016032", "from": "GO_0008150"}, {"to": "GO_0016032", "from": "GO_0044403"}, {"to": "GO_0016032", "from": "GO_0044764"}, {"to": "GO_0016740", "from": "GO_0003824"}, {"to": "GO_0016740", "from": "GO_0003674"}, {"to": "GO_0098630", "from": "GO_0098743"}, {"to": "GO_0098743", "from": "GO_0008150"}, {"to": "GO_0098630", "from": "GO_0044764"}, {"to": "GO_0016743", "from": "GO_0016741"}, {"to": "GO_0004637", "from": "GO_0016879"}, {"to": "GO_0048029", "from": "GO_0030246"}, {"to": "GO_0030246", "from": "GO_0005488"}, {"to": "GO_0048029", "from": "GO_0005529"}, {"to": "GO_0036212", "from": "GO_0032506"}, {"to": "GO_0032506", "from": "GO_0022402"}, {"to": "GO_0032506", "from": "CCO_0000001"}, {"to": "GO_0032506", "from": "GO_0009987"}, {"to": "GO_0016638", "from": "GO_0016491"}, {"to": "GO_0036350", "from": "GO_0000501"}, {"to": "GO_0016002", "from": "GO_0016667"}, {"to": "GO_0003779", "from": "GO_0008092"}, {"to": "GO_0008092", "from": "GO_0005515"}, {"to": "GO_0005515", "from": "GO_0005488"}, {"to": "GO_0005515", "from": "Process"}, {"to": "GO_0005515", "from": "GO_0003674"}, {"to": "GO_0003954", "from": "GO_0016651"}, {"to": "GO_0016723", "from": "GO_0016722"}, {"to": "GO_0016722", "from": "GO_0016491"}, {"to": "GO_0016882", "from": "GO_0016879"}, {"to": "GO_0016879", "from": "GO_0016874"}, {"to": "GO_0016880", "from": "GO_0016879"}, {"to": "GO_1902983", "from": "GO_1902319"}, {"to": "GO_1902319", "from": "GO_1902296"}, {"to": "GO_1902296", "from": "GO_0006271"}, {"to": "GO_0006271", "from": "CCO_0000003"}, {"to": "GO_0006271", "from": "GO_0022616"}, {"to": "GO_1902296", "from": "GO_0022402"}, {"to": "GO_1902319", "from": "GO_0022616"}, {"to": "GO_1902432", "from": "GO_0008104"}, {"to": "GO_0008104", "from": "GO_0008150"}, {"to": "GO_0008104", "from": "GO_0033036"}, {"to": "GO_0070061", "from": "GO_0048029"}, {"to": "GO_0044839", "from": "GO_0044770"}, {"to": "GO_1902248", "from": "GO_0043168"}, {"to": "GO_0043168", "from": "GO_0043167"}, {"to": "GO_0043167", "from": "GO_0005488"}, {"to": "GO_1902248", "from": "GO_0097367"}, {"to": "GO_1903260", "from": "GO_0008104"}, {"to": "GO_0016641", "from": "GO_0016638"}, {"to": "GO_0019077", "from": "BAO_0000264"}, {"to": "GO_0019077", "from": "GO_0008150"}, {"to": "GO_0019077", "from": "GO_0019076"}, {"to": "GO_0004738", "from": "GO_0016903"}, {"to": "GO_0016903", "from": "GO_0016491"}, {"to": "GO_1901925", "from": "GO_0022402"}, {"to": "GO_1901925", "from": "GO_0072479"}, {"to": "GO_1901925", "from": "GO_0042308"}, {"to": "GO_0033558", "from": "GO_0019213"}, {"to": "GO_0019213", "from": "GO_0016787"}, {"to": "GO_0044848", "from": "GO_0008150"}, {"to": "GO_0005536", "from": "GO_0048029"}, {"to": "GO_0005534", "from": "GO_0048029"}, {"to": "GO_0032553", "from": "GO_0000166"}, {"to": "GO_0000166", "from": "GO_1901265"}, {"to": "GO_0000166", "from": "GO_0036094"}, {"to": "GO_0000166", "from": "GO_0005488"}, {"to": "GO_0032553", "from": "GO_0097367"}, {"to": "GO_0016799", "from": "GO_0016798"}, {"to": "GO_0016798", "from": "GO_0016787"}, {"to": "GO_0072694", "from": "GO_0007050"}, {"to": "GO_0007050", "from": "BAO_0000264"}, {"to": "GO_0007050", "from": "GO_0008150"}, {"to": "GO_0007050", "from": "GO_0045786"}, {"to": "GO_0007050", "from": "GO_0022402"}, {"to": "GO_0072694", "from": "GO_0071313"}, {"to": "GO_0004124", "from": "GO_0016835"}, {"to": "GO_0016835", "from": "GO_0016829"}, {"to": "GO_0016829", "from": "GO_0003824"}, {"to": "GO_0016829", "from": "GO_0003674"}, {"to": "GO_0072691", "from": "GO_0006270"}, {"to": "GO_0006270", "from": "CCO_0000003"}, {"to": "GO_0006270", "from": "GO_0006259"}, {"to": "GO_0072691", "from": "GO_1902292"}, {"to": "GO_0004939", "from": "GO_0004872"}, {"to": "GO_0004872", "from": "BAO_0003075"}, {"to": "BAO_0003075", "from": "BAO_0003117"}, {"to": "BAO_0003117", "from": "BAO_0003114"}, {"to": "GO_0004872", "from": "GO_0003674"}, {"to": "GO_0004872", "from": "GO_0004871"}, {"to": "GO_0004939", "from": "GO_0004935"}, {"to": "GO_1902002", "from": "GO_0006468"}, {"to": "GO_0006468", "from": "BAO_0000264"}, {"to": "BAO_0000264", "from": "BAO_0003114"}, {"to": "GO_0006468", "from": "GO_0008150"}, {"to": "GO_0006468", "from": "GO_0016310"}, {"to": "GO_0006468", "from": "GO_0006464"}, {"to": "GO_0006468", "from": "GO_0043687"}, {"to": "GO_0098501", "from": "GO_0006139"}, {"to": "GO_0006139", "from": "GO_0046483"}, {"to": "GO_0046483", "from": "GO_0044237"}, {"to": "GO_0046483", "from": "GO_0008150"}, {"to": "GO_0006139", "from": "GO_0044238"}, {"to": "GO_0006139", "from": "GO_1901360"}, {"to": "GO_0006139", "from": "GO_0034641"}, {"to": "GO_0006139", "from": "GO_0006725"}, {"to": "GO_0006139", "from": "GO_0008152"}, {"to": "GO_0006139", "from": "GO_0009987"}, {"to": "GO_0006139", "from": "GO_0044237"}, {"to": "GO_0006139", "from": "GO_0006807"}, {"to": "GO_0098501", "from": "GO_0043170"}, {"to": "GO_0098501", "from": "GO_0016311"}, {"to": "GO_0044843", "from": "GO_0044770"}, {"to": "GO_0044770", "from": "GO_0022402"}, {"to": "GO_0098506", "from": "GO_0098501"}, {"to": "GO_0098506", "from": "GO_0016311"}, {"to": "GO_0016655", "from": "GO_0016651"}, {"to": "GO_0016651", "from": "GO_0016491"}, {"to": "GO_0019172", "from": "GO_0003824"}, {"to": "GO_0019172", "from": "GO_0016836"}, {"to": "GO_0016653", "from": "GO_0016651"}, {"to": "GO_0036349", "from": "GO_0000501"}, {"to": "GO_0000501", "from": "GO_0000128"}, {"to": "GO_0000128", "from": "GO_0098630"}, {"to": "GO_0000128", "from": "GO_0051704"}, {"to": "GO_0000128", "from": "GO_0044764"}, {"to": "GO_0044838", "from": "GO_0022403"}, {"to": "GO_0022403", "from": "BAO_0000264"}, {"to": "GO_0022403", "from": "GO_0008150"}, {"to": "GO_0022403", "from": "GO_0022402"}, {"to": "GO_0022403", "from": "GO_0044848"}, {"to": "GO_0005537", "from": "GO_0048029"}, {"to": "GO_0016867", "from": "GO_0016866"}, {"to": "GO_0016866", "from": "GO_0016853"}, {"to": "GO_0016787", "from": "GO_0003824"}, {"to": "GO_0003824", "from": "BAO_0003075"}, {"to": "GO_0003824", "from": "GO_0003674"}, {"to": "GO_0003824", "from": "BAO_0200547"}, {"to": "GO_0016787", "from": "GO_0003674"}, {"to": "GO_0016868", "from": "GO_0016866"}]