{"nodes": [{"group": 0, "name": "organic cyclic compound binding", "uri": "http://purl.obolibrary.org/obo/GO_0097159"}, {"group": 0, "name": "single-organism cellular process", "uri": "http://purl.obolibrary.org/obo/GO_0044763"}, {"group": 0, "name": "multi-organism cellular process", "uri": "http://purl.obolibrary.org/obo/GO_0044764"}, {"group": 0, "name": null, "uri": "http://purl.obolibrary.org/obo/GO_1901900"}, {"group": 1, "name": "regulation of protein localization to cell division site involved in cytokinesis", "uri": "http://purl.obolibrary.org/obo/GO_1901901"}, {"group": 1, "name": "aggregation of unicellular organisms", "uri": "http://purl.obolibrary.org/obo/GO_0098630"}, {"group": 0, "name": "DNA replication, synthesis of RNA primer", "uri": "http://purl.obolibrary.org/obo/GO_0006269"}, {"group": 0, "name": null, "uri": "http://purl.obolibrary.org/obo/GO_0006266"}, {"group": 0, "name": "protein-DNA complex assembly", "uri": "http://purl.obolibrary.org/obo/GO_0065004"}, {"group": 0, "name": "cell cycle arrest", "uri": "http://purl.obolibrary.org/obo/GO_0007050"}, {"group": 0, "name": "heterocycle metabolic process", "uri": "http://purl.obolibrary.org/obo/GO_0046483"}, {"group": 0, "name": "binding", "uri": "http://purl.obolibrary.org/obo/GO_0005488"}, {"group": 0, "name": "cellular process involved in reproduction", "uri": "http://purl.obolibrary.org/obo/GO_0048610"}, {"group": 0, "name": "site-specific DNA replication termination", "uri": "http://purl.obolibrary.org/obo/GO_0071170"}, {"group": 0, "name": "cellular metabolic process", "uri": "http://purl.obolibrary.org/obo/GO_0044237"}, {"group": 0, "name": null, "uri": "http://purl.obolibrary.org/obo/GO_0072479"}, {"group": 0, "name": "organic cyclic compound metabolic process", "uri": "http://purl.obolibrary.org/obo/GO_1901360"}, {"group": 0, "name": "heterocyclic compound binding", "uri": "http://purl.obolibrary.org/obo/GO_1901363"}, {"group": 0, "name": "molecular_function", "uri": "http://purl.obolibrary.org/obo/GO_0003674"}, {"group": 1, "name": "contractile ring maintenance", "uri": "http://purl.obolibrary.org/obo/GO_0036212"}, {"group": 1, "name": "cleavage furrow ingression", "uri": "http://purl.obolibrary.org/obo/GO_0036090"}, {"group": 1, "name": "cell cycle arrest in response to caffeine", "uri": "http://purl.obolibrary.org/obo/GO_0072694"}, {"group": 0, "name": null, "uri": "http://www.bioassayontology.org/bao#BAO_0000264"}, {"group": 0, "name": "DNA strand elongation involved in nuclear cell cycle DNA replication", "uri": "http://purl.obolibrary.org/obo/GO_1902319"}, {"group": 0, "name": "DNA metabolic process", "uri": "http://purl.obolibrary.org/obo/GO_0006259"}, {"group": 1, "name": "protein localization to mating projection tip", "uri": "http://purl.obolibrary.org/obo/GO_1903260"}, {"group": 0, "name": "cellular aromatic compound metabolic process", "uri": "http://purl.obolibrary.org/obo/GO_0006725"}, {"group": 0, "name": "cellular nitrogen compound metabolic process", "uri": "http://purl.obolibrary.org/obo/GO_0034641"}, {"group": 0, "name": "DNA strand elongation", "uri": "http://purl.obolibrary.org/obo/GO_0022616"}, {"group": 0, "name": null, "uri": "http://www.bioassayontology.org/bao#BAO_0003075"}, {"group": 0, "name": "pre-replicative complex assembly", "uri": "http://purl.obolibrary.org/obo/GO_0036388"}, {"group": 0, "name": "cellular process", "uri": "http://purl.obolibrary.org/obo/GO_0009987"}, {"group": 0, "name": "macromolecule localization", "uri": "http://purl.obolibrary.org/obo/GO_0033036"}, {"group": 0, "name": "cellular response to caffeine", "uri": "http://purl.obolibrary.org/obo/GO_0071313"}, {"group": 0, "name": "pre-replicative complex assembly involved in cell cycle DNA replication", "uri": "http://purl.obolibrary.org/obo/GO_1902299"}, {"group": 1, "name": "synthesis of RNA primer involved in cell cycle DNA replication", "uri": "http://purl.obolibrary.org/obo/GO_1902295"}, {"group": 0, "name": "DNA strand elongation involved in cell cycle DNA replication", "uri": "http://purl.obolibrary.org/obo/GO_1902296"}, {"group": 1, "name": "DNA ligation involved in cell cycle DNA replication", "uri": "http://purl.obolibrary.org/obo/GO_1902291"}, {"group": 0, "name": "processual_entity", "uri": "http://www.ifomis.org/bfo/1.1/span#ProcessualEntity"}, {"group": 0, "name": "macromolecule metabolic process", "uri": "http://purl.obolibrary.org/obo/GO_0043170"}, {"group": 0, "name": null, "uri": "http://www.bioassayontology.org/bao#BAO_0003117"}, {"group": 0, "name": "cell cycle phase", "uri": "http://purl.obolibrary.org/obo/GO_0022403"}, {"group": 0, "name": null, "uri": "http://purl.obolibrary.org/obo/CCO_0000001"}, {"group": 0, "name": null, "uri": "http://purl.obolibrary.org/obo/GO_0042308"}, {"group": 1, "name": "DNA strand elongation involved in mitotic DNA replication", "uri": "http://purl.obolibrary.org/obo/GO_1902983"}, {"group": 0, "name": "dephosphorylation", "uri": "http://purl.obolibrary.org/obo/GO_0016311"}, {"group": 0, "name": "phosphorylation", "uri": "http://purl.obolibrary.org/obo/GO_0016310"}, {"group": 1, "name": "gene conversion at mating-type locus, termination of copy-synthesis", "uri": "http://purl.obolibrary.org/obo/GO_0061500"}, {"group": 1, "name": "leptomycin B binding", "uri": "http://purl.obolibrary.org/obo/GO_1901707"}, {"group": 0, "name": null, "uri": "http://purl.obolibrary.org/obo/CCO_0000003"}, {"group": 1, "name": "karyomere membrane fusion", "uri": "http://purl.obolibrary.org/obo/GO_0061472"}, {"group": 1, "name": "negative regulation of protein import into nucleus during spindle assembly checkpoint", "uri": "http://purl.obolibrary.org/obo/GO_1901925"}, {"group": 0, "name": "process", "uri": "http://purl.obolibrary.org/obo/BFO_0000007"}, {"group": 0, "name": "process", "uri": "http://purl.obolibrary.org/obo/span_Process"}, {"group": 0, "name": "biological phase", "uri": "http://purl.obolibrary.org/obo/GO_0044848"}, {"group": 0, "name": "protein localization", "uri": "http://purl.obolibrary.org/obo/GO_0008104"}, {"group": 0, "name": "biological_process", "uri": "http://purl.obolibrary.org/obo/GO_0008150"}, {"group": 0, "name": null, "uri": "http://purl.obolibrary.org/obo/GO_0090174"}, {"group": 0, "name": null, "uri": "http://purl.obolibrary.org/obo/GO_0043687"}, {"group": 0, "name": null, "uri": "http://purl.obolibrary.org/obo/SIO_000006"}, {"group": 0, "name": "nitrogen compound metabolic process", "uri": "http://purl.obolibrary.org/obo/GO_0006807"}, {"group": 0, "name": "process", "uri": "http://www.ifomis.org/bfo/1.1/span#Process"}, {"group": 0, "name": "protein phosphorylation", "uri": "http://purl.obolibrary.org/obo/GO_0006468"}, {"group": 1, "name": "beta-adrenergic receptor activity", "uri": "http://purl.obolibrary.org/obo/GO_0004939"}, {"group": 1, "name": "protein phosphorylation involved in cellular protein catabolic process", "uri": "http://purl.obolibrary.org/obo/GO_1902002"}, {"group": 0, "name": null, "uri": "http://purl.obolibrary.org/obo/GO_0006464"}, {"group": 0, "name": null, "uri": "http://purl.obolibrary.org/obo/GO_0004871"}, {"group": 0, "name": null, "uri": "http://purl.obolibrary.org/obo/GO_0004935"}, {"group": 0, "name": "receptor activity", "uri": "http://purl.obolibrary.org/obo/GO_0004872"}, {"group": 1, "name": "polynucleotide dephosphorylation", "uri": "http://purl.obolibrary.org/obo/GO_0098501"}, {"group": 0, "name": "primary metabolic process", "uri": "http://purl.obolibrary.org/obo/GO_0044238"}, {"group": 0, "name": "fatty acid binding", "uri": "http://purl.obolibrary.org/obo/GO_0005504"}, {"group": 1, "name": "polynucleotide 3' dephosphorylation", "uri": "http://purl.obolibrary.org/obo/GO_0098506"}, {"group": 0, "name": "nucleobase-containing compound metabolic process", "uri": "http://purl.obolibrary.org/obo/GO_0006139"}, {"group": 0, "name": "DNA replication termination", "uri": "http://purl.obolibrary.org/obo/GO_0006274"}, {"group": 0, "name": "DNA ligation involved in DNA-dependent DNA replication", "uri": "http://purl.obolibrary.org/obo/GO_0051104"}, {"group": 0, "name": "DNA strand elongation involved in DNA replication", "uri": "http://purl.obolibrary.org/obo/GO_0006271"}, {"group": 1, "name": "pre-replicative complex assembly involved in bacterial-type DNA replication", "uri": "http://purl.obolibrary.org/obo/GO_0036390"}, {"group": 0, "name": null, "uri": "http://www.bioassayontology.org/bao#BAO_0003114"}, {"group": 0, "name": "cytokinetic process", "uri": "http://purl.obolibrary.org/obo/GO_0032506"}, {"group": 0, "name": "process", "uri": "http://purl.obolibrary.org/obo/BFO_0000015"}, {"group": 0, "name": "mitotic cell cycle process", "uri": "http://purl.obolibrary.org/obo/GO_1903047"}, {"group": 1, "name": "protein localization to barrier septum", "uri": "http://purl.obolibrary.org/obo/GO_1902432"}, {"group": 1, "name": "cell quiescence", "uri": "http://purl.obolibrary.org/obo/GO_0044838"}, {"group": 0, "name": "metabolic process", "uri": "http://purl.obolibrary.org/obo/GO_0008152"}, {"group": 0, "name": "cell cycle process", "uri": "http://purl.obolibrary.org/obo/GO_0022402"}, {"group": 0, "name": "Thing", "uri": "http://www.w3.org/2002/07/owl#Thing"}, {"group": 0, "name": "negative regulation of cell cycle", "uri": "http://purl.obolibrary.org/obo/GO_0045786"}, {"group": 0, "name": "RNA biosynthetic process", "uri": "http://purl.obolibrary.org/obo/GO_0032774"}, {"group": 0, "name": "cell aggregation", "uri": "http://purl.obolibrary.org/obo/GO_0098743"}], "links": [{"source": 63, "target": 68, "value": 1}, {"source": 68, "target": 29, "value": 1}, {"source": 29, "target": 40, "value": 1}, {"source": 40, "target": 78, "value": 1}, {"source": 68, "target": 18, "value": 1}, {"source": 68, "target": 66, "value": 1}, {"source": 63, "target": 67, "value": 1}, {"source": 50, "target": 85, "value": 1}, {"source": 50, "target": 81, "value": 1}, {"source": 50, "target": 57, "value": 1}, {"source": 25, "target": 55, "value": 1}, {"source": 77, "target": 34, "value": 1}, {"source": 34, "target": 30, "value": 1}, {"source": 30, "target": 49, "value": 1}, {"source": 30, "target": 8, "value": 1}, {"source": 34, "target": 85, "value": 1}, {"source": 64, "target": 62, "value": 1}, {"source": 62, "target": 22, "value": 1}, {"source": 22, "target": 78, "value": 1}, {"source": 62, "target": 56, "value": 1}, {"source": 62, "target": 46, "value": 1}, {"source": 62, "target": 65, "value": 1}, {"source": 62, "target": 58, "value": 1}, {"source": 69, "target": 73, "value": 1}, {"source": 73, "target": 10, "value": 1}, {"source": 10, "target": 14, "value": 1}, {"source": 10, "target": 56, "value": 1}, {"source": 73, "target": 70, "value": 1}, {"source": 73, "target": 16, "value": 1}, {"source": 73, "target": 27, "value": 1}, {"source": 73, "target": 26, "value": 1}, {"source": 73, "target": 84, "value": 1}, {"source": 73, "target": 31, "value": 1}, {"source": 73, "target": 14, "value": 1}, {"source": 73, "target": 60, "value": 1}, {"source": 69, "target": 39, "value": 1}, {"source": 69, "target": 45, "value": 1}, {"source": 72, "target": 69, "value": 1}, {"source": 72, "target": 45, "value": 1}, {"source": 37, "target": 85, "value": 1}, {"source": 85, "target": 56, "value": 1}, {"source": 85, "target": 1, "value": 1}, {"source": 85, "target": 31, "value": 1}, {"source": 37, "target": 75, "value": 1}, {"source": 37, "target": 7, "value": 1}, {"source": 19, "target": 79, "value": 1}, {"source": 79, "target": 85, "value": 1}, {"source": 79, "target": 42, "value": 1}, {"source": 79, "target": 31, "value": 1}, {"source": 82, "target": 55, "value": 1}, {"source": 55, "target": 56, "value": 1}, {"source": 55, "target": 32, "value": 1}, {"source": 20, "target": 79, "value": 1}, {"source": 83, "target": 41, "value": 1}, {"source": 41, "target": 22, "value": 1}, {"source": 41, "target": 56, "value": 1}, {"source": 41, "target": 85, "value": 1}, {"source": 41, "target": 54, "value": 1}, {"source": 44, "target": 23, "value": 1}, {"source": 23, "target": 36, "value": 1}, {"source": 36, "target": 76, "value": 1}, {"source": 76, "target": 49, "value": 1}, {"source": 76, "target": 28, "value": 1}, {"source": 36, "target": 85, "value": 1}, {"source": 23, "target": 28, "value": 1}, {"source": 21, "target": 9, "value": 1}, {"source": 9, "target": 22, "value": 1}, {"source": 9, "target": 56, "value": 1}, {"source": 9, "target": 87, "value": 1}, {"source": 9, "target": 85, "value": 1}, {"source": 21, "target": 33, "value": 1}, {"source": 4, "target": 85, "value": 1}, {"source": 4, "target": 42, "value": 1}, {"source": 4, "target": 3, "value": 1}, {"source": 5, "target": 89, "value": 1}, {"source": 89, "target": 56, "value": 1}, {"source": 5, "target": 2, "value": 1}, {"source": 35, "target": 6, "value": 1}, {"source": 6, "target": 49, "value": 1}, {"source": 49, "target": 56, "value": 1}, {"source": 56, "target": 78, "value": 1}, {"source": 78, "target": 86, "value": 1}, {"source": 56, "target": 59, "value": 1}, {"source": 56, "target": 38, "value": 1}, {"source": 56, "target": 86, "value": 1}, {"source": 56, "target": 52, "value": 1}, {"source": 56, "target": 80, "value": 1}, {"source": 56, "target": 61, "value": 1}, {"source": 56, "target": 53, "value": 1}, {"source": 6, "target": 24, "value": 1}, {"source": 6, "target": 88, "value": 1}, {"source": 35, "target": 85, "value": 1}, {"source": 51, "target": 85, "value": 1}, {"source": 51, "target": 15, "value": 1}, {"source": 51, "target": 43, "value": 1}, {"source": 47, "target": 13, "value": 1}, {"source": 13, "target": 74, "value": 1}, {"source": 74, "target": 49, "value": 1}, {"source": 74, "target": 24, "value": 1}, {"source": 47, "target": 12, "value": 1}, {"source": 48, "target": 17, "value": 1}, {"source": 17, "target": 11, "value": 1}, {"source": 11, "target": 29, "value": 1}, {"source": 11, "target": 18, "value": 1}, {"source": 11, "target": 86, "value": 1}, {"source": 48, "target": 0, "value": 1}, {"source": 48, "target": 71, "value": 1}]}