
{ "head": { "link": [], "vars": ["prop", "domain", "range"] },
  "results": { "distinct": false, "ordered": true, "bindings": [
    { "prop": { "type": "uri", "value": "http://www.w3.org/2000/01/rdf-schema#label" }	, "domain": { "type": "uri", "value": "http://chem.deri.ie/granatum/Molecule" }	, "range": { "type": "uri", "value": "http://www.w3.org/2000/01/rdf-schema#Literal" }},
    { "prop": { "type": "uri", "value": "http://www.w3.org/2000/01/rdf-schema#label" }	, "domain": { "type": "uri", "value": "http://chem.deri.ie/granatum/Molecule" }	, "range": { "type": "uri", "value": "http://purl.org/dc/dcmitype/InteractiveResource" }},
    { "prop": { "type": "uri", "value": "http://www.w3.org/2000/01/rdf-schema#label" }	, "domain": { "type": "uri", "value": "http://chem.deri.ie/granatum/Molecule" }	, "range": { "type": "uri", "value": "http://rdfs.org/ns/void#unResolveableURL" }},
    { "prop": { "type": "uri", "value": "http://www.w3.org/2002/07/owl#sameAs" }	, "domain": { "type": "uri", "value": "http://chem.deri.ie/granatum/Molecule" }	, "range": { "type": "uri", "value": "http://www.w3.org/2002/07/owl#Thing" }},
    { "prop": { "type": "uri", "value": "http://www.w3.org/2002/07/owl#sameAs" }	, "domain": { "type": "uri", "value": "http://chem.deri.ie/granatum/Molecule" }	, "range": { "type": "uri", "value": "http://bio2rdf.org/bind#Interaction" }},
    { "prop": { "type": "uri", "value": "http://www.w3.org/2002/07/owl#sameAs" }	, "domain": { "type": "uri", "value": "http://chem.deri.ie/granatum/Molecule" }	, "range": { "type": "uri", "value": "http://www4.wiwiss.fu-berlin.de/drugbank/resource/drugbank/drugs" }},
    { "prop": { "type": "uri", "value": "http://www.w3.org/2002/07/owl#sameAs" }	, "domain": { "type": "uri", "value": "http://chem.deri.ie/granatum/Molecule" }	, "range": { "type": "uri", "value": "http://bio2rdf.org/ns/ns/bind:Interaction" }},
    { "prop": { "type": "uri", "value": "http://www.w3.org/2002/07/owl#sameAs" }	, "domain": { "type": "uri", "value": "http://chem.deri.ie/granatum/Molecule" }	, "range": { "type": "uri", "value": "http://bio2rdf.org/kegg_vocabulary:Compound" }},
    { "prop": { "type": "uri", "value": "http://www.w3.org/2002/07/owl#sameAs" }	, "domain": { "type": "uri", "value": "http://chem.deri.ie/granatum/Molecule" }	, "range": { "type": "uri", "value": "http://bio2rdf.org/kegg_vocabulary:Reaction" }},
    { "prop": { "type": "uri", "value": "http://www.w3.org/2002/07/owl#sameAs" }	, "domain": { "type": "uri", "value": "http://chem.deri.ie/granatum/Molecule" }	, "range": { "type": "uri", "value": "http://bio2rdf.org/kegg_vocabulary:Drug" }},
    { "prop": { "type": "uri", "value": "http://www.w3.org/2002/07/owl#sameAs" }	, "domain": { "type": "uri", "value": "http://chem.deri.ie/granatum/Molecule" }	, "range": { "type": "uri", "value": "http://bio2rdf.org/geneid:vocabulary:Gene" }},
    { "prop": { "type": "uri", "value": "http://www.w3.org/2002/07/owl#sameAs" }	, "domain": { "type": "uri", "value": "http://chem.deri.ie/granatum/Molecule" }	, "range": { "type": "uri", "value": "http://bio2rdf.org/kegg_vocabulary:Enzyme" }},
    { "prop": { "type": "uri", "value": "http://www.w3.org/2002/07/owl#sameAs" }	, "domain": { "type": "uri", "value": "http://chem.deri.ie/granatum/Molecule" }	, "range": { "type": "uri", "value": "http://purl.org/dc/dcmitype/InteractiveResource" }},
    { "prop": { "type": "uri", "value": "http://www.w3.org/2002/07/owl#sameAs" }	, "domain": { "type": "uri", "value": "http://chem.deri.ie/granatum/Molecule" }	, "range": { "type": "uri", "value": "http://rdfs.org/ns/void#unResolveableURL" }},
    { "prop": { "type": "uri", "value": "http://www.w3.org/2002/07/owl#sameAs" }	, "domain": { "type": "uri", "value": "http://chem.deri.ie/granatum/Molecule" }	, "range": { "type": "uri", "value": "http://bio2rdf.org/core:Protein" }},
    { "prop": { "type": "uri", "value": "http://www.w3.org/2002/07/owl#sameAs" }	, "domain": { "type": "uri", "value": "http://chem.deri.ie/granatum/Molecule" }	, "range": { "type": "uri", "value": "http://bio2rdf.org/pdb:Experiment" }},
    { "prop": { "type": "uri", "value": "http://www.w3.org/2002/07/owl#sameAs" }	, "domain": { "type": "uri", "value": "http://chem.deri.ie/granatum/Molecule" }	, "range": { "type": "uri", "value": "http://bio2rdf.org/hgnc_resource:Gene" }},
    { "prop": { "type": "uri", "value": "http://www.w3.org/2002/07/owl#sameAs" }	, "domain": { "type": "uri", "value": "http://chem.deri.ie/granatum/Molecule" }	, "range": { "type": "uri", "value": "http://purl.uniprot.org/core/Modified_Sequence" }},
    { "prop": { "type": "uri", "value": "http://www.w3.org/2002/07/owl#sameAs" }	, "domain": { "type": "uri", "value": "http://chem.deri.ie/granatum/Molecule" }	, "range": { "type": "uri", "value": "http://bio2rdf.org/kegg_resource:Enzyme" }},
    { "prop": { "type": "uri", "value": "http://www.w3.org/2002/07/owl#sameAs" }	, "domain": { "type": "uri", "value": "http://chem.deri.ie/granatum/Molecule" }	, "range": { "type": "uri", "value": "http://bio2rdf.org/pfam_resource:Annotation" }},
    { "prop": { "type": "uri", "value": "http://www.w3.org/2002/07/owl#sameAs" }	, "domain": { "type": "uri", "value": "http://chem.deri.ie/granatum/Molecule" }	, "range": { "type": "uri", "value": "http://bio2rdf.org/prodom_resource:Domain" }},
    { "prop": { "type": "uri", "value": "http://www.w3.org/2002/07/owl#sameAs" }	, "domain": { "type": "uri", "value": "http://chem.deri.ie/granatum/Molecule" }	, "range": { "type": "uri", "value": "http://bio2rdf.org/kegg_resource:Compound" }},
    { "prop": { "type": "uri", "value": "http://www.w3.org/2002/07/owl#sameAs" }	, "domain": { "type": "uri", "value": "http://chem.deri.ie/granatum/Molecule" }	, "range": { "type": "uri", "value": "http://umbel.org/umbel/rc/DrugProduct" }},
    { "prop": { "type": "uri", "value": "http://www.w3.org/2002/07/owl#sameAs" }	, "domain": { "type": "uri", "value": "http://chem.deri.ie/granatum/Molecule" }	, "range": { "type": "uri", "value": "http://bio2rdf.org/kegg_resource:Glycan" }},
    { "prop": { "type": "uri", "value": "http://www.w3.org/2002/07/owl#sameAs" }	, "domain": { "type": "uri", "value": "http://chem.deri.ie/granatum/Molecule" }	, "range": { "type": "uri", "value": "http://bio2rdf.org/kegg_resource:Reaction" }},
    { "prop": { "type": "uri", "value": "http://www.w3.org/2002/07/owl#sameAs" }	, "domain": { "type": "uri", "value": "http://chem.deri.ie/granatum/Molecule" }	, "range": { "type": "uri", "value": "http://bio2rdf.org/mgi_resource:Marker" }},
    { "prop": { "type": "uri", "value": "http://www.w3.org/2002/07/owl#sameAs" }	, "domain": { "type": "uri", "value": "http://chem.deri.ie/granatum/Molecule" }	, "range": { "type": "uri", "value": "http://bio2rdf.org/kegg_resource:Drug" }},
    { "prop": { "type": "uri", "value": "http://www.w3.org/2002/07/owl#sameAs" }	, "domain": { "type": "uri", "value": "http://chem.deri.ie/granatum/Molecule" }	, "range": { "type": "uri", "value": "http://dbpedia.org/ontology/ChemicalSubstance" }},
    { "prop": { "type": "uri", "value": "http://www.w3.org/2002/07/owl#sameAs" }	, "domain": { "type": "uri", "value": "http://chem.deri.ie/granatum/Molecule" }	, "range": { "type": "uri", "value": "http://umbel.org/umbel/rc/ChemicalSubstanceType" }},
    { "prop": { "type": "uri", "value": "http://chem.deri.ie/granatum/SMILESnotation" }	, "domain": { "type": "uri", "value": "http://chem.deri.ie/granatum/Molecule" }	, "range": { "type": "uri", "value": "http://www.w3.org/2000/01/rdf-schema#Literal" }},
    { "prop": { "type": "uri", "value": "http://chem.deri.ie/granatum/InChi" }	, "domain": { "type": "uri", "value": "http://chem.deri.ie/granatum/Molecule" }	, "range": { "type": "uri", "value": "http://www.w3.org/2000/01/rdf-schema#Literal" }},
    { "prop": { "type": "uri", "value": "http://chem.deri.ie/granatum/molecularWeight" }	, "domain": { "type": "uri", "value": "http://chem.deri.ie/granatum/Molecule" }	, "range": { "type": "uri", "value": "http://www.w3.org/2000/01/rdf-schema#Literal" }},
    { "prop": { "type": "uri", "value": "http://chem.deri.ie/granatum/molecularMass" }	, "domain": { "type": "uri", "value": "http://chem.deri.ie/granatum/Molecule" }	, "range": { "type": "uri", "value": "http://www.w3.org/2000/01/rdf-schema#Literal" }},
    { "prop": { "type": "uri", "value": "http://chem.deri.ie/granatum/sdf_file" }	, "domain": { "type": "uri", "value": "http://chem.deri.ie/granatum/Molecule" }	, "range": { "type": "uri", "value": "http://purl.org/dc/dcmitype/InteractiveResource" }},
    { "prop": { "type": "uri", "value": "http://chem.deri.ie/granatum/hasFormula" }	, "domain": { "type": "uri", "value": "http://chem.deri.ie/granatum/Molecule" }	, "range": { "type": "uri", "value": "http://www.w3.org/2000/01/rdf-schema#Literal" }},
    { "prop": { "type": "uri", "value": "http://chem.deri.ie/granatum/HBA" }	, "domain": { "type": "uri", "value": "http://chem.deri.ie/granatum/Molecule" }	, "range": { "type": "uri", "value": "http://www.w3.org/2000/01/rdf-schema#Literal" }},
    { "prop": { "type": "uri", "value": "http://chem.deri.ie/granatum/HBD" }	, "domain": { "type": "uri", "value": "http://chem.deri.ie/granatum/Molecule" }	, "range": { "type": "uri", "value": "http://www.w3.org/2000/01/rdf-schema#Literal" }},
    { "prop": { "type": "uri", "value": "http://chem.deri.ie/granatum/TPSA" }	, "domain": { "type": "uri", "value": "http://chem.deri.ie/granatum/Molecule" }	, "range": { "type": "uri", "value": "http://www.w3.org/2000/01/rdf-schema#Literal" }},
    { "prop": { "type": "uri", "value": "http://chem.deri.ie/granatum/clogp" }	, "domain": { "type": "uri", "value": "http://chem.deri.ie/granatum/Molecule" }	, "range": { "type": "uri", "value": "http://www.w3.org/2000/01/rdf-schema#Literal" }},
    { "prop": { "type": "uri", "value": "http://chem.deri.ie/granatum/flexibilityRotBonds" }	, "domain": { "type": "uri", "value": "http://chem.deri.ie/granatum/Molecule" }	, "range": { "type": "uri", "value": "http://www.w3.org/2000/01/rdf-schema#Literal" }},
    { "prop": { "type": "uri", "value": "http://chem.deri.ie/granatum/pubchemPage" }	, "domain": { "type": "uri", "value": "http://chem.deri.ie/granatum/Molecule" }	, "range": { "type": "uri", "value": "http://purl.org/dc/dcmitype/InteractiveResource" }},
    { "prop": { "type": "uri", "value": "http://chem.deri.ie/granatum/iupacName" }	, "domain": { "type": "uri", "value": "http://chem.deri.ie/granatum/Molecule" }	, "range": { "type": "uri", "value": "http://www.w3.org/2000/01/rdf-schema#Literal" }},
    { "prop": { "type": "uri", "value": "http://chem.deri.ie/granatum/hasChemicalCategory" }	, "domain": { "type": "uri", "value": "http://chem.deri.ie/granatum/Molecule" }	, "range": { "type": "uri", "value": "http://www.w3.org/2000/01/rdf-schema#Literal" }},
    { "prop": { "type": "uri", "value": "http://chem.deri.ie/granatum/inchi" }	, "domain": { "type": "uri", "value": "http://chem.deri.ie/granatum/Molecule" }	, "range": { "type": "uri", "value": "http://www.w3.org/2000/01/rdf-schema#Literal" }},
    { "prop": { "type": "uri", "value": "http://chem.deri.ie/granatum/size" }	, "domain": { "type": "uri", "value": "http://chem.deri.ie/granatum/Molecule" }	, "range": { "type": "uri", "value": "http://www.w3.org/2000/01/rdf-schema#Literal" }},
    { "prop": { "type": "uri", "value": "http://chem.deri.ie/granatum/description" }	, "domain": { "type": "uri", "value": "http://chem.deri.ie/granatum/Molecule" }	, "range": { "type": "uri", "value": "http://www.w3.org/2000/01/rdf-schema#Literal" }},
    { "prop": { "type": "uri", "value": "http://chem.deri.ie/granatum/title" }	, "domain": { "type": "uri", "value": "http://chem.deri.ie/granatum/Molecule" }	, "range": { "type": "uri", "value": "http://www.w3.org/2000/01/rdf-schema#Literal" }},
    { "prop": { "type": "uri", "value": "http://chem.deri.ie/granatum/pubchemPage" }	, "domain": { "type": "uri", "value": "http://chem.deri.ie/granatum/Assay" }	, "range": { "type": "uri", "value": "http://purl.org/dc/dcmitype/InteractiveResource" }},
    { "prop": { "type": "uri", "value": "http://chem.deri.ie/granatum/description" }	, "domain": { "type": "uri", "value": "http://chem.deri.ie/granatum/Assay" }	, "range": { "type": "uri", "value": "http://www.w3.org/2000/01/rdf-schema#Literal" }},
    { "prop": { "type": "uri", "value": "http://chem.deri.ie/granatum/title" }	, "domain": { "type": "uri", "value": "http://chem.deri.ie/granatum/Assay" }	, "range": { "type": "uri", "value": "http://www.w3.org/2000/01/rdf-schema#Literal" }},
    { "prop": { "type": "uri", "value": "http://chem.deri.ie/granatum/used_protocol" }	, "domain": { "type": "uri", "value": "http://chem.deri.ie/granatum/Assay" }	, "range": { "type": "uri", "value": "http://chem.deri.ie/granatum/Protocol" }},
    { "prop": { "type": "uri", "value": "http://chem.deri.ie/granatum/used_protocol" }	, "domain": { "type": "uri", "value": "http://chem.deri.ie/granatum/Assay" }	, "range": { "type": "uri", "value": "http://purl.org/dc/dcmitype/InteractiveResource" }},
    { "prop": { "type": "uri", "value": "http://chem.deri.ie/granatum/used_protocol" }	, "domain": { "type": "uri", "value": "http://chem.deri.ie/granatum/Assay" }	, "range": { "type": "uri", "value": "http://rdfs.org/ns/void#unResolveableURL" }},
    { "prop": { "type": "uri", "value": "http://chem.deri.ie/granatum/assayComment" }	, "domain": { "type": "uri", "value": "http://chem.deri.ie/granatum/Assay" }	, "range": { "type": "uri", "value": "http://www.w3.org/2000/01/rdf-schema#Literal" }},
    { "prop": { "type": "uri", "value": "http://chem.deri.ie/granatum/hasInput" }	, "domain": { "type": "uri", "value": "http://chem.deri.ie/granatum/Assay" }	, "range": { "type": "uri", "value": "http://chem.deri.ie/granatum/Molecule" }},
    { "prop": { "type": "uri", "value": "http://chem.deri.ie/granatum/hasInput" }	, "domain": { "type": "uri", "value": "http://chem.deri.ie/granatum/Assay" }	, "range": { "type": "uri", "value": "http://chem.deri.ie/granatum/Target" }},
    { "prop": { "type": "uri", "value": "http://chem.deri.ie/granatum/hasInput" }	, "domain": { "type": "uri", "value": "http://chem.deri.ie/granatum/Assay" }	, "range": { "type": "uri", "value": "http://purl.org/dc/dcmitype/InteractiveResource" }},
    { "prop": { "type": "uri", "value": "http://chem.deri.ie/granatum/hasInput" }	, "domain": { "type": "uri", "value": "http://chem.deri.ie/granatum/Assay" }	, "range": { "type": "uri", "value": "http://rdfs.org/ns/void#unResolveableURL" }},
    { "prop": { "type": "uri", "value": "http://chem.deri.ie/granatum/hasInput" }	, "domain": { "type": "uri", "value": "http://chem.deri.ie/granatum/Assay" }	, "range": { "type": "uri", "value": "http://chem.deri.ie/granatum/Protein" }},
    { "prop": { "type": "uri", "value": "http://chem.deri.ie/granatum/outcome_method" }	, "domain": { "type": "uri", "value": "http://chem.deri.ie/granatum/Assay" }	, "range": { "type": "uri", "value": "http://www.w3.org/2000/01/rdf-schema#Literal" }},
    { "prop": { "type": "uri", "value": "http://chem.deri.ie/granatum/max_percent_inhibition" }	, "domain": { "type": "uri", "value": "http://chem.deri.ie/granatum/Assay" }	, "range": { "type": "uri", "value": "http://www.w3.org/2000/01/rdf-schema#Literal" }},
    { "prop": { "type": "uri", "value": "http://chem.deri.ie/granatum/max_inhibitory_concentration" }	, "domain": { "type": "uri", "value": "http://chem.deri.ie/granatum/Assay" }	, "range": { "type": "uri", "value": "http://www.w3.org/2000/01/rdf-schema#Literal" }},
    { "prop": { "type": "uri", "value": "http://chem.deri.ie/granatum/iNOS_T_IC50" }	, "domain": { "type": "uri", "value": "http://chem.deri.ie/granatum/Assay" }	, "range": { "type": "uri", "value": "http://www.w3.org/2000/01/rdf-schema#Literal" }},
    { "prop": { "type": "uri", "value": "http://chem.deri.ie/granatum/mmoc_activity" }	, "domain": { "type": "uri", "value": "http://chem.deri.ie/granatum/Assay" }	, "range": { "type": "uri", "value": "http://www.w3.org/2000/01/rdf-schema#Literal" }},
    { "prop": { "type": "uri", "value": "http://chem.deri.ie/granatum/IC50" }	, "domain": { "type": "uri", "value": "http://chem.deri.ie/granatum/Assay" }	, "range": { "type": "uri", "value": "http://www.w3.org/2000/01/rdf-schema#Literal" }},
    { "prop": { "type": "uri", "value": "http://chem.deri.ie/granatum/DPPHSC50" }	, "domain": { "type": "uri", "value": "http://chem.deri.ie/granatum/Assay" }	, "range": { "type": "uri", "value": "http://www.w3.org/2000/01/rdf-schema#Literal" }},
    { "prop": { "type": "uri", "value": "http://chem.deri.ie/granatum/hasToxicity" }	, "domain": { "type": "uri", "value": "http://chem.deri.ie/granatum/Assay" }	, "range": { "type": "uri", "value": "http://chem.deri.ie/granatum/Toxicity" }},
    { "prop": { "type": "uri", "value": "http://chem.deri.ie/granatum/hasToxicity" }	, "domain": { "type": "uri", "value": "http://chem.deri.ie/granatum/Assay" }	, "range": { "type": "uri", "value": "http://www.w3.org/2000/01/rdf-schema#Literal" }},
    { "prop": { "type": "uri", "value": "http://chem.deri.ie/granatum/identify" }	, "domain": { "type": "uri", "value": "http://chem.deri.ie/granatum/Assay" }	, "range": { "type": "uri", "value": "http://chem.deri.ie/granatum/ChemopreventiveAgent" }},
    { "prop": { "type": "uri", "value": "http://chem.deri.ie/granatum/identify" }	, "domain": { "type": "uri", "value": "http://chem.deri.ie/granatum/Assay" }	, "range": { "type": "uri", "value": "http://purl.org/dc/dcmitype/InteractiveResource" }},
    { "prop": { "type": "uri", "value": "http://chem.deri.ie/granatum/Cyp1AIC50" }	, "domain": { "type": "uri", "value": "http://chem.deri.ie/granatum/Assay" }	, "range": { "type": "uri", "value": "http://www.w3.org/2000/01/rdf-schema#Literal" }},
    { "prop": { "type": "uri", "value": "http://chem.deri.ie/granatum/iNOS_A_IC50" }	, "domain": { "type": "uri", "value": "http://chem.deri.ie/granatum/Assay" }	, "range": { "type": "uri", "value": "http://www.w3.org/2000/01/rdf-schema#Literal" }},
    { "prop": { "type": "uri", "value": "http://chem.deri.ie/granatum/ORACOH" }	, "domain": { "type": "uri", "value": "http://chem.deri.ie/granatum/Assay" }	, "range": { "type": "uri", "value": "http://www.w3.org/2000/01/rdf-schema#Literal" }},
    { "prop": { "type": "uri", "value": "http://www.w3.org/1999/02/22-rdf-syntax-ns#id" }	, "domain": { "type": "uri", "value": "http://chem.deri.ie/granatum/Assay" }	, "range": { "type": "uri", "value": "http://www.w3.org/2000/01/rdf-schema#Literal" }},
    { "prop": { "type": "uri", "value": "http://www.w3.org/1999/02/22-rdf-syntax-ns#id" }	, "domain": { "type": "uri", "value": "http://chem.deri.ie/granatum/Assay" }	, "range": { "type": "uri", "value": "http://purl.org/dc/dcmitype/InteractiveResource" }},
    { "prop": { "type": "uri", "value": "http://chem.deri.ie/granatum/COX1IC50" }	, "domain": { "type": "uri", "value": "http://chem.deri.ie/granatum/Assay" }	, "range": { "type": "uri", "value": "http://www.w3.org/2000/01/rdf-schema#Literal" }},
    { "prop": { "type": "uri", "value": "http://chem.deri.ie/granatum/HL60IC50" }	, "domain": { "type": "uri", "value": "http://chem.deri.ie/granatum/Assay" }	, "range": { "type": "uri", "value": "http://www.w3.org/2000/01/rdf-schema#Literal" }},
    { "prop": { "type": "uri", "value": "http://chem.deri.org/granatum/Cyp_inhibition_IC50" }	, "domain": { "type": "uri", "value": "http://chem.deri.ie/granatum/Assay" }	, "range": { "type": "uri", "value": "http://www.w3.org/2000/01/rdf-schema#Literal" }},
    { "prop": { "type": "uri", "value": "http://chem.deri.ie/granatum/NADP_QR_induction_IC50" }	, "domain": { "type": "uri", "value": "http://chem.deri.ie/granatum/Assay" }	, "range": { "type": "uri", "value": "http://www.w3.org/2000/01/rdf-schema#Literal" }},
    { "prop": { "type": "uri", "value": "http://chem.deri.ie/granatum/used_cellLine" }	, "domain": { "type": "uri", "value": "http://chem.deri.ie/granatum/Assay" }	, "range": { "type": "uri", "value": "http://www.w3.org/2000/01/rdf-schema#Literal" }},
    { "prop": { "type": "uri", "value": "http://chem.deri.org/granatum/nadp_QR_induction_IC50" }	, "domain": { "type": "uri", "value": "http://chem.deri.ie/granatum/Assay" }	, "range": { "type": "uri", "value": "http://www.w3.org/2000/01/rdf-schema#Literal" }},
    { "prop": { "type": "uri", "value": "http://chem.deri.ie/granatum/ORACROO" }	, "domain": { "type": "uri", "value": "http://chem.deri.ie/granatum/Assay" }	, "range": { "type": "uri", "value": "http://www.w3.org/2000/01/rdf-schema#Literal" }},
    { "prop": { "type": "uri", "value": "http://chem.deri.ie/granatum/NADP_QR_induction" }	, "domain": { "type": "uri", "value": "http://chem.deri.ie/granatum/Assay" }	, "range": { "type": "uri", "value": "http://www.w3.org/2000/01/rdf-schema#Literal" }},
    { "prop": { "type": "uri", "value": "http://chem.deri.ie/granatum/XXOSC50" }	, "domain": { "type": "uri", "value": "http://chem.deri.ie/granatum/Assay" }	, "range": { "type": "uri", "value": "http://www.w3.org/2000/01/rdf-schema#Literal" }},
    { "prop": { "type": "uri", "value": "http://chem.deri.org/granatum/NADP_induction" }	, "domain": { "type": "uri", "value": "http://chem.deri.ie/granatum/Assay" }	, "range": { "type": "uri", "value": "http://www.w3.org/2000/01/rdf-schema#Literal" }},
    { "prop": { "type": "uri", "value": "http://chem.deri.ie/granatum/OCDIC50" }	, "domain": { "type": "uri", "value": "http://chem.deri.ie/granatum/Assay" }	, "range": { "type": "uri", "value": "http://www.w3.org/2000/01/rdf-schema#Literal" }},
    { "prop": { "type": "uri", "value": "http://chem.deri.ie/granatum/description" }	, "domain": { "type": "uri", "value": "http://chem.deri.ie/granatum/Protocol" }	, "range": { "type": "uri", "value": "http://www.w3.org/2000/01/rdf-schema#Literal" }},
    { "prop": { "type": "uri", "value": "http://chem.deri.ie/granatum/title" }	, "domain": { "type": "uri", "value": "http://chem.deri.ie/granatum/Protocol" }	, "range": { "type": "uri", "value": "http://www.w3.org/2000/01/rdf-schema#Literal" }},
    { "prop": { "type": "uri", "value": "http://chem.deri.ie/granatum/describedInPublication" }	, "domain": { "type": "uri", "value": "http://chem.deri.ie/granatum/Protocol" }	, "range": { "type": "uri", "value": "http://chem.deri.ie/granatum/PublishedWork" }},
    { "prop": { "type": "uri", "value": "http://chem.deri.ie/granatum/describedInPublication" }	, "domain": { "type": "uri", "value": "http://chem.deri.ie/granatum/Protocol" }	, "range": { "type": "uri", "value": "http://purl.org/dc/dcmitype/InteractiveResource" }},
    { "prop": { "type": "uri", "value": "http://chem.deri.ie/granatum/describedInPublication" }	, "domain": { "type": "uri", "value": "http://chem.deri.ie/granatum/Protocol" }	, "range": { "type": "uri", "value": "http://rdfs.org/ns/void#unResolveableURL" }},
    { "prop": { "type": "uri", "value": "http://chem.deri.ie/granatum/useFactor" }	, "domain": { "type": "uri", "value": "http://chem.deri.ie/granatum/Protocol" }	, "range": { "type": "uri", "value": "http://chem.deri.ie/granatum/Protocol" }},
    { "prop": { "type": "uri", "value": "http://chem.deri.ie/granatum/useFactor" }	, "domain": { "type": "uri", "value": "http://chem.deri.ie/granatum/Protocol" }	, "range": { "type": "uri", "value": "http://purl.org/dc/dcmitype/InteractiveResource" }},
    { "prop": { "type": "uri", "value": "http://chem.deri.ie/granatum/hasProcedure" }	, "domain": { "type": "uri", "value": "http://chem.deri.ie/granatum/Protocol" }	, "range": { "type": "uri", "value": "http://www.w3.org/2000/01/rdf-schema#Literal" }},
    { "prop": { "type": "uri", "value": "http://chem.deri.ie/granatum/used_cellLine" }	, "domain": { "type": "uri", "value": "http://chem.deri.ie/granatum/Protocol" }	, "range": { "type": "uri", "value": "http://www.w3.org/2000/01/rdf-schema#Literal" }},
    { "prop": { "type": "uri", "value": "http://chem.deri.ie/granatum/title" }	, "domain": { "type": "uri", "value": "http://chem.deri.ie/granatum/Target" }	, "range": { "type": "uri", "value": "http://www.w3.org/2000/01/rdf-schema#Literal" }},
    { "prop": { "type": "uri", "value": "http://chem.deri.ie/granatum/presentIn" }	, "domain": { "type": "uri", "value": "http://chem.deri.ie/granatum/Target" }	, "range": { "type": "uri", "value": "http://chem.deri.ie/granatum/Organism" }},
    { "prop": { "type": "uri", "value": "http://www.w3.org/2000/01/rdf-schema#label" }	, "domain": { "type": "uri", "value": "http://chem.deri.ie/granatum/Organism" }	, "range": { "type": "uri", "value": "http://www.w3.org/2000/01/rdf-schema#Literal" }},
    { "prop": { "type": "uri", "value": "http://www.w3.org/2000/01/rdf-schema#label" }	, "domain": { "type": "uri", "value": "http://chem.deri.ie/granatum/Organism" }	, "range": { "type": "uri", "value": "http://purl.org/dc/dcmitype/InteractiveResource" }},
    { "prop": { "type": "uri", "value": "http://www.w3.org/2000/01/rdf-schema#label" }	, "domain": { "type": "uri", "value": "http://chem.deri.ie/granatum/Organism" }	, "range": { "type": "uri", "value": "http://rdfs.org/ns/void#unResolveableURL" }} ] } }