{"nodes": [{"group": 0, "name": "BRCA", "size": 1309}, {"group": 0, "name": "BLCA", "size": 192}, {"group": 0, "name": "COAD", "size": 779}, {"group": 0, "name": "COADREAD", "size": 720}, {"group": 0, "name": "HNSC", "size": 337}, {"group": 0, "name": "LUAD", "size": 680}, {"group": 0, "name": "LUSC", "size": 1945}, {"group": 0, "name": "PRAD", "size": 110}], "links": [{"source": 0, "id": 0, "value": 101, "target": 1}, {"source": 0, "id": 1, "value": 164, "target": 2}, {"source": 0, "id": 2, "value": 159, "target": 3}, {"source": 0, "id": 3, "value": 95, "target": 4}, {"source": 0, "id": 4, "value": 301, "target": 5}, {"source": 0, "id": 5, "value": 530, "target": 6}, {"source": 0, "id": 6, "value": 22, "target": 7}, {"source": 1, "id": 7, "value": 101, "target": 0}, {"source": 1, "id": 8, "value": 43, "target": 2}, {"source": 1, "id": 9, "value": 43, "target": 3}, {"source": 1, "id": 10, "value": 23, "target": 4}, {"source": 1, "id": 11, "value": 59, "target": 5}, {"source": 1, "id": 12, "value": 117, "target": 6}, {"source": 1, "id": 13, "value": 5, "target": 7}, {"source": 2, "id": 14, "value": 164, "target": 0}, {"source": 2, "id": 15, "value": 43, "target": 1}, {"source": 2, "id": 16, "value": 662, "target": 3}, {"source": 2, "id": 17, "value": 49, "target": 4}, {"source": 2, "id": 18, "value": 108, "target": 5}, {"source": 2, "id": 19, "value": 239, "target": 6}, {"source": 2, "id": 20, "value": 16, "target": 7}, {"source": 3, "id": 21, "value": 159, "target": 0}, {"source": 3, "id": 22, "value": 43, "target": 1}, {"source": 3, "id": 23, "value": 662, "target": 2}, {"source": 3, "id": 24, "value": 48, "target": 4}, {"source": 3, "id": 25, "value": 103, "target": 5}, {"source": 3, "id": 26, "value": 220, "target": 6}, {"source": 3, "id": 27, "value": 15, "target": 7}, {"source": 4, "id": 28, "value": 95, "target": 0}, {"source": 4, "id": 29, "value": 23, "target": 1}, {"source": 4, "id": 30, "value": 49, "target": 2}, {"source": 4, "id": 31, "value": 48, "target": 3}, {"source": 4, "id": 32, "value": 57, "target": 5}, {"source": 4, "id": 33, "value": 133, "target": 6}, {"source": 4, "id": 34, "value": 3, "target": 7}, {"source": 5, "id": 35, "value": 301, "target": 0}, {"source": 5, "id": 36, "value": 59, "target": 1}, {"source": 5, "id": 37, "value": 108, "target": 2}, {"source": 5, "id": 38, "value": 103, "target": 3}, {"source": 5, "id": 39, "value": 57, "target": 4}, {"source": 5, "id": 40, "value": 531, "target": 6}, {"source": 5, "id": 41, "value": 14, "target": 7}, {"source": 6, "id": 42, "value": 530, "target": 0}, {"source": 6, "id": 43, "value": 117, "target": 1}, {"source": 6, "id": 44, "value": 239, "target": 2}, {"source": 6, "id": 45, "value": 220, "target": 3}, {"source": 6, "id": 46, "value": 133, "target": 4}, {"source": 6, "id": 47, "value": 531, "target": 5}, {"source": 6, "id": 48, "value": 22, "target": 7}, {"source": 7, "id": 49, "value": 22, "target": 0}, {"source": 7, "id": 50, "value": 5, "target": 1}, {"source": 7, "id": 51, "value": 16, "target": 2}, {"source": 7, "id": 52, "value": 15, "target": 3}, {"source": 7, "id": 53, "value": 3, "target": 4}, {"source": 7, "id": 54, "value": 14, "target": 5}, {"source": 7, "id": 55, "value": 22, "target": 6}]}