{"nodes": [{"group": 0, "name": "BRCA", "size": 8575}, {"group": 0, "name": "BLCA", "size": 4486}, {"group": 0, "name": "COAD", "size": 6139}, {"group": 0, "name": "COADREAD", "size": 6858}, {"group": 0, "name": "HNSC", "size": 6779}, {"group": 0, "name": "LUAD", "size": 5689}, {"group": 0, "name": "LUSC", "size": 7848}, {"group": 0, "name": "PRAD", "size": 7082}], "links": [{"source": 0, "id": 0, "value": 2963, "target": 1}, {"source": 0, "id": 1, "value": 3815, "target": 2}, {"source": 0, "id": 2, "value": 4205, "target": 3}, {"source": 0, "id": 3, "value": 4241, "target": 4}, {"source": 0, "id": 4, "value": 3713, "target": 5}, {"source": 0, "id": 5, "value": 4721, "target": 6}, {"source": 0, "id": 6, "value": 4661, "target": 7}, {"source": 1, "id": 7, "value": 2963, "target": 0}, {"source": 1, "id": 8, "value": 2149, "target": 2}, {"source": 1, "id": 9, "value": 2430, "target": 3}, {"source": 1, "id": 10, "value": 2523, "target": 4}, {"source": 1, "id": 11, "value": 2200, "target": 5}, {"source": 1, "id": 12, "value": 2874, "target": 6}, {"source": 1, "id": 13, "value": 2435, "target": 7}, {"source": 2, "id": 14, "value": 3815, "target": 0}, {"source": 2, "id": 15, "value": 2149, "target": 1}, {"source": 2, "id": 16, "value": 5501, "target": 3}, {"source": 2, "id": 17, "value": 3119, "target": 4}, {"source": 2, "id": 18, "value": 2720, "target": 5}, {"source": 2, "id": 19, "value": 3362, "target": 6}, {"source": 2, "id": 20, "value": 3139, "target": 7}, {"source": 3, "id": 21, "value": 4205, "target": 0}, {"source": 3, "id": 22, "value": 2430, "target": 1}, {"source": 3, "id": 23, "value": 5501, "target": 2}, {"source": 3, "id": 24, "value": 3493, "target": 4}, {"source": 3, "id": 25, "value": 2984, "target": 5}, {"source": 3, "id": 26, "value": 3748, "target": 6}, {"source": 3, "id": 27, "value": 3501, "target": 7}, {"source": 4, "id": 28, "value": 4241, "target": 0}, {"source": 4, "id": 29, "value": 2523, "target": 1}, {"source": 4, "id": 30, "value": 3119, "target": 2}, {"source": 4, "id": 31, "value": 3493, "target": 3}, {"source": 4, "id": 32, "value": 2985, "target": 5}, {"source": 4, "id": 33, "value": 4067, "target": 6}, {"source": 4, "id": 34, "value": 3456, "target": 7}, {"source": 5, "id": 35, "value": 3713, "target": 0}, {"source": 5, "id": 36, "value": 2200, "target": 1}, {"source": 5, "id": 37, "value": 2720, "target": 2}, {"source": 5, "id": 38, "value": 2984, "target": 3}, {"source": 5, "id": 39, "value": 2985, "target": 4}, {"source": 5, "id": 40, "value": 3665, "target": 6}, {"source": 5, "id": 41, "value": 3074, "target": 7}, {"source": 6, "id": 42, "value": 4721, "target": 0}, {"source": 6, "id": 43, "value": 2874, "target": 1}, {"source": 6, "id": 44, "value": 3362, "target": 2}, {"source": 6, "id": 45, "value": 3748, "target": 3}, {"source": 6, "id": 46, "value": 4067, "target": 4}, {"source": 6, "id": 47, "value": 3665, "target": 5}, {"source": 6, "id": 48, "value": 3919, "target": 7}, {"source": 7, "id": 49, "value": 4661, "target": 0}, {"source": 7, "id": 50, "value": 2435, "target": 1}, {"source": 7, "id": 51, "value": 3139, "target": 2}, {"source": 7, "id": 52, "value": 3501, "target": 3}, {"source": 7, "id": 53, "value": 3456, "target": 4}, {"source": 7, "id": 54, "value": 3074, "target": 5}, {"source": 7, "id": 55, "value": 3919, "target": 6}]}