{"nodes": [{"group": 0, "name": "BRCA", "size": 183}, {"group": 0, "name": "BLCA", "size": 144}, {"group": 0, "name": "COAD", "size": 0}, {"group": 0, "name": "COADREAD", "size": 0}, {"group": 0, "name": "HNSC", "size": 186}, {"group": 0, "name": "LUAD", "size": 123}, {"group": 0, "name": "LUSC", "size": 188}, {"group": 0, "name": "PRAD", "size": 154}], "links": [{"source": 0, "id": 0, "value": 99, "target": 1}, {"source": 0, "id": 1, "value": 0, "target": 2}, {"source": 0, "id": 2, "value": 0, "target": 3}, {"source": 0, "id": 3, "value": 125, "target": 4}, {"source": 0, "id": 4, "value": 90, "target": 5}, {"source": 0, "id": 5, "value": 110, "target": 6}, {"source": 0, "id": 6, "value": 101, "target": 7}, {"source": 1, "id": 7, "value": 99, "target": 0}, {"source": 1, "id": 8, "value": 0, "target": 2}, {"source": 1, "id": 9, "value": 0, "target": 3}, {"source": 1, "id": 10, "value": 96, "target": 4}, {"source": 1, "id": 11, "value": 68, "target": 5}, {"source": 1, "id": 12, "value": 103, "target": 6}, {"source": 1, "id": 13, "value": 87, "target": 7}, {"source": 2, "id": 14, "value": 0, "target": 0}, {"source": 2, "id": 15, "value": 0, "target": 1}, {"source": 2, "id": 16, "value": 0, "target": 3}, {"source": 2, "id": 17, "value": 0, "target": 4}, {"source": 2, "id": 18, "value": 0, "target": 5}, {"source": 2, "id": 19, "value": 0, "target": 6}, {"source": 2, "id": 20, "value": 0, "target": 7}, {"source": 3, "id": 21, "value": 0, "target": 0}, {"source": 3, "id": 22, "value": 0, "target": 1}, {"source": 3, "id": 23, "value": 0, "target": 2}, {"source": 3, "id": 24, "value": 0, "target": 4}, {"source": 3, "id": 25, "value": 0, "target": 5}, {"source": 3, "id": 26, "value": 0, "target": 6}, {"source": 3, "id": 27, "value": 0, "target": 7}, {"source": 4, "id": 28, "value": 125, "target": 0}, {"source": 4, "id": 29, "value": 96, "target": 1}, {"source": 4, "id": 30, "value": 0, "target": 2}, {"source": 4, "id": 31, "value": 0, "target": 3}, {"source": 4, "id": 32, "value": 85, "target": 5}, {"source": 4, "id": 33, "value": 118, "target": 6}, {"source": 4, "id": 34, "value": 94, "target": 7}, {"source": 5, "id": 35, "value": 90, "target": 0}, {"source": 5, "id": 36, "value": 68, "target": 1}, {"source": 5, "id": 37, "value": 0, "target": 2}, {"source": 5, "id": 38, "value": 0, "target": 3}, {"source": 5, "id": 39, "value": 85, "target": 4}, {"source": 5, "id": 40, "value": 86, "target": 6}, {"source": 5, "id": 41, "value": 70, "target": 7}, {"source": 6, "id": 42, "value": 110, "target": 0}, {"source": 6, "id": 43, "value": 103, "target": 1}, {"source": 6, "id": 44, "value": 0, "target": 2}, {"source": 6, "id": 45, "value": 0, "target": 3}, {"source": 6, "id": 46, "value": 118, "target": 4}, {"source": 6, "id": 47, "value": 86, "target": 5}, {"source": 6, "id": 48, "value": 96, "target": 7}, {"source": 7, "id": 49, "value": 101, "target": 0}, {"source": 7, "id": 50, "value": 87, "target": 1}, {"source": 7, "id": 51, "value": 0, "target": 2}, {"source": 7, "id": 52, "value": 0, "target": 3}, {"source": 7, "id": 53, "value": 94, "target": 4}, {"source": 7, "id": 54, "value": 70, "target": 5}, {"source": 7, "id": 55, "value": 96, "target": 6}]}