{
    "userid": "{{USERID}}",
    "types": [
        {
            "name": "Drug",
            "service": "http://beta.openlifedata.org/drugbank/sparql?apikey={{APIKEY}}",
            "query": [
                "PREFIX dc:<http://purl.org/dc/terms/> ",
                "PREFIX rdfs: <http://www.w3.org/2000/01/rdf-schema#>",
                "PREFIX drugbank: <http://bio2rdf.org/drugbank_vocabulary:>",
                "CONSTRUCT {<{{ENTITYURI}}> dc:title ?title ; dc:description ?description ; rdfs:seeAlso ?seeAlso ; drugbank:action ?mechAction ; drugbank:indication ?indiDescription ; drugbank:pharmacology ?pharmacologyDesc. drugbank:experimental ?expType ?expValue . drugbank:calculated ?calcType ?calcValue . drugbank:interaction ?interaction ?intTitle . ?packager drugbank:packagedBy ?packagerTitle } WHERE { <ENTITYURI> dc:title ?title ; dc:description ?description . OPTIONAL {<ENTITYURI> rdfs:seeAlso ?seeAlso} . OPTIONAL {<ENTITYURI> drugbank:experimental-properties ?expProp . ?expProp a ?expType; drugbank:value ?expValue . FILTER (?expType != drugbank:Resource)} OPTIONAL {<ENTITYURI> drugbank:calculated-properties ?calcProp . ?calcProp a ?calcType; drugbank:value ?calcValue . FILTER (?calcType != drugbank:Resource)} OPTIONAL {<ENTITYURI> drugbank:ddi-interactor-in ?interaction . ?interaction dc:title ?intTitle} OPTIONAL {<ENTITYURI> drugbank:mechanism-of-action ?action . ?action dc:description ?mechAction } OPTIONAL {<ENTITYURI> drugbank:packager ?packager . ?packager dc:title ?packagerTitle } OPTIONAL {<ENTITYURI> drugbank:indication ?indication . ?indication dc:description ?indiDescription } OPTIONAL {<ENTITYURI> drugbank:pharmacology ?pharmacology . ?pharmacology dc:description ?pharmacologyDesc } }"
            ],
            "views": {
                "headerImage": "http://www.drugbank.ca/system/protein_structures/full/IDENTIFIER.png",
                "objectExp": [
                    {
                        "term": "html",
                        "html": "<iframe src='OBJECT' width='100%'></iframe><br><a href='OBJECT' target='_blank'>Open link in a new window</a>"
                    },
                    {
                        "term": "jpg",
                        "html": "<img src='OBJECT'>"
                    },
                    {
                        "term": "gif",
                        "html": "<img src='OBJECT'>"
                    },
                    {
                        "term": "png",
                        "html": "<img src='OBJECT'>"
                    },
                    {
                        "term": "sdf",
                        "html": "<div id='RESOURCETABsdf' style='width: 300px; height: 200px; background-color: black;'></div><textarea wrap='off' id='RESOURCETABsdf_src' style='display: none;'></textarea><a href='OBJECT' target='_blank'>Download Structure File</a>",
                        "action": "structureFile = OBJECT; loadStructure(RESOURCETAB, structureFile);"
                    }
                ],
                "predicateExp": [
                    {
                        "term": "pubchemPage",
                        "html": "<iframe src='OBJECT' width='100%'></iframe><br><a href='OBJECT' target='_blank'>Open link in a new window</a>"
                    },
                    {
                        "term": "sdf_file",
                        "html": "<div id='RESOURCETABsdf' style='width: 300px; height: 200px; background-color: black;'></div><textarea wrap='off' id='RESOURCETABsdf_src' style='display: none;'></textarea><a href='OBJECT' target='_blank'>Download Structure File</a>",
                        "action": "structureFile = OBJECT; loadStructure(RESOURCETAB, structureFile);"
                    },
                    {
                        "term": "packagedBy",
                        "html": "<a href='javascript:showPopUp(SUBJECT)' title='Other Drugs packaged by OBJECT'>OBJECT</a>"
                    }
                ]
            }
        },
        {
            "name": "Domain",
            "service": "http://cu.interpro.bio2rdf.org/sparql",
            "query": "",
            "views": {
                "objectExp": [
                    {
                        "term": "html",
                        "html": "<iframe src='OBJECT' width='100%'></iframe><br><a href='OBJECT' target='_blank'>Open link in a new window</a>"
                    },
                    {
                        "term": "jpg",
                        "html": "<img src='OBJECT'>"
                    },
                    {
                        "term": "gif",
                        "html": "<img src='OBJECT'>"
                    },
                    {
                        "term": "png",
                        "html": "<img src='OBJECT'>"
                    }
                ],
                "predicateExp": []
            }
        }
    ]
}