{
    "types": [
        {
            "name": "Drug",
            "service": "http://cu.drugbank.bio2rdf.org/sparql",
            "query": "PREFIX dc:<http://purl.org/dc/terms/> PREFIX rdfs: <http://www.w3.org/2000/01/rdf-schema#> PREFIX drugbank: <http://bio2rdf.org/drugbank_vocabulary:>  CONSTRUCT {<ENTITYURI> dc:title ?title ; dc:description ?description ; rdfs:seeAlso ?seeAlso ; drugbank:action ?mechAction ; drugbank:indication ?indiDescription ; drugbank:pharmacology ?pharmacologyDesc. drugbank:experimental ?expType ?expValue . drugbank:calculated ?calcType ?calcValue . drugbank:interaction ?interaction ?intTitle . ?packager drugbank:packagedBy ?packagerTitle } WHERE { <ENTITYURI> dc:title ?title ; dc:description ?description . OPTIONAL {<ENTITYURI> rdfs:seeAlso ?seeAlso} . OPTIONAL {<ENTITYURI> drugbank:experimental-properties ?expProp . ?expProp a ?expType; drugbank:value ?expValue . FILTER (?expType != drugbank:Resource)} OPTIONAL {<ENTITYURI> drugbank:calculated-properties ?calcProp . ?calcProp a ?calcType; drugbank:value ?calcValue . FILTER (?calcType != drugbank:Resource)} OPTIONAL {<ENTITYURI> drugbank:ddi-interactor-in ?interaction . ?interaction dc:title ?intTitle} OPTIONAL {<ENTITYURI> drugbank:mechanism-of-action ?action . ?action dc:description ?mechAction } OPTIONAL {<ENTITYURI> drugbank:packager ?packager . ?packager dc:title ?packagerTitle } OPTIONAL {<ENTITYURI> drugbank:indication ?indication . ?indication dc:description ?indiDescription } OPTIONAL {<ENTITYURI> drugbank:pharmacology ?pharmacology . ?pharmacology dc:description ?pharmacologyDesc } }",
            "views": {
                "objectExp": [
                    {
                        "html": "<iframe src='OBJECT' width='100%'></iframe><br><a href='OBJECT' target='_blank'>Open link in a new window</a>"
                    },
                    {
                        "jpg": "<img src='OBJECT'>"
                    },
                    {
                        "gif": "<img src='OBJECT'>"
                    },
                    {
                        "png": "<img src='OBJECT'>"
                    }
                ],
                "predicateExp": [
                    {
                        "pubchemPage": "<iframe src='OBJECT' width='100%'></iframe><br><a href='OBJECT' target='_blank'>Open link in a new window</a>"
                    }
                ]
            }
        },
        {
            "name": "Domain",
            "service": "http://cu.interpro.bio2rdf.org/sparql",
            "query": "",
            "views": {
                "objectExp": [
                    {
                        "html": "<iframe src='OBJECT' width='100%'></iframe><br><a href='OBJECT' target='_blank'>Open link in a new window</a>"
                    },
                    {
                        "jpg": "<img src='OBJECT'>"
                    },
                    {
                        "gif": "<img src='OBJECT'>"
                    },
                    {
                        "png": "<img src='OBJECT'>"
                    }
                ],
                "predicateExp": [
                    {
                        "pubchemPage": "<iframe src='OBJECT' width='100%'></iframe><br><a href='OBJECT' target='_blank'>Open link in a new window</a>"
                    }
                ]
            }
        }
    ]
}