{"nodes": [{"group": 0, "name": "BRCA", "size": 1309}, {"group": 0, "name": "BLCA", "size": 192}, {"group": 0, "name": "COAD", "size": 779}, {"group": 0, "name": "COADREAD", "size": 720}, {"group": 0, "name": "HNSC", "size": 337}, {"group": 0, "name": "LUAD", "size": 680}, {"group": 0, "name": "LUSC", "size": 1945}, {"group": 0, "name": "PRAD", "size": 110}], "links": [{"source": 0, "target": 1, "value": 101}, {"source": 0, "target": 2, "value": 164}, {"source": 0, "target": 3, "value": 159}, {"source": 0, "target": 4, "value": 95}, {"source": 0, "target": 5, "value": 301}, {"source": 0, "target": 6, "value": 530}, {"source": 0, "target": 7, "value": 22}, {"source": 1, "target": 0, "value": 101}, {"source": 1, "target": 2, "value": 43}, {"source": 1, "target": 3, "value": 43}, {"source": 1, "target": 4, "value": 23}, {"source": 1, "target": 5, "value": 59}, {"source": 1, "target": 6, "value": 117}, {"source": 1, "target": 7, "value": 5}, {"source": 2, "target": 0, "value": 164}, {"source": 2, "target": 1, "value": 43}, {"source": 2, "target": 3, "value": 662}, {"source": 2, "target": 4, "value": 49}, {"source": 2, "target": 5, "value": 108}, {"source": 2, "target": 6, "value": 239}, {"source": 2, "target": 7, "value": 16}, {"source": 3, "target": 0, "value": 159}, {"source": 3, "target": 1, "value": 43}, {"source": 3, "target": 2, "value": 662}, {"source": 3, "target": 4, "value": 48}, {"source": 3, "target": 5, "value": 103}, {"source": 3, "target": 6, "value": 220}, {"source": 3, "target": 7, "value": 15}, {"source": 4, "target": 0, "value": 95}, {"source": 4, "target": 1, "value": 23}, {"source": 4, "target": 2, "value": 49}, {"source": 4, "target": 3, "value": 48}, {"source": 4, "target": 5, "value": 57}, {"source": 4, "target": 6, "value": 133}, {"source": 4, "target": 7, "value": 3}, {"source": 5, "target": 0, "value": 301}, {"source": 5, "target": 1, "value": 59}, {"source": 5, "target": 2, "value": 108}, {"source": 5, "target": 3, "value": 103}, {"source": 5, "target": 4, "value": 57}, {"source": 5, "target": 6, "value": 531}, {"source": 5, "target": 7, "value": 14}, {"source": 6, "target": 0, "value": 530}, {"source": 6, "target": 1, "value": 117}, {"source": 6, "target": 2, "value": 239}, {"source": 6, "target": 3, "value": 220}, {"source": 6, "target": 4, "value": 133}, {"source": 6, "target": 5, "value": 531}, {"source": 6, "target": 7, "value": 22}, {"source": 7, "target": 0, "value": 22}, {"source": 7, "target": 1, "value": 5}, {"source": 7, "target": 2, "value": 16}, {"source": 7, "target": 3, "value": 15}, {"source": 7, "target": 4, "value": 3}, {"source": 7, "target": 5, "value": 14}, {"source": 7, "target": 6, "value": 22}]}