{
    "distance": [
        {
            "term1": "Ebolavirus",
            "term2": "Filoviridae",
            "pm_dist": 0.0250589062198854
        },
        {
            "term1": "Ebolavirus",
            "term2": "Hemorrhagic Fever, Ebola",
            "pm_dist": 0.07356088529795475
        },
        {
            "term1": "Ebolavirus",
            "term2": "Marburg Virus Disease",
            "pm_dist": 0.20338015604289156
        },
        {
            "term1": "Ebolavirus",
            "term2": "Marburgvirus",
            "pm_dist": 0.15605712379432848
        },
        {
            "term1": "Ebolavirus",
            "term2": "ebola",
            "pm_dist": 0.07822221633723905
        },
        {
            "term1": "Ebolavirus",
            "term2": "Democratic Republic of the Congo",
            "pm_dist": 0.3487924793358404
        },
        {
            "term1": "Ebolavirus",
            "term2": "Lassa virus",
            "pm_dist": 0.31339600331099826
        },
        {
            "term1": "Ebolavirus",
            "term2": "Centers for Disease Control and Prevention (U.S.)",
            "pm_dist": 10000
        },
        {
            "term1": "Ebolavirus",
            "term2": "Ebola Vaccines",
            "pm_dist": 0.2266750666961118
        },
        {
            "term1": "Ebolavirus",
            "term2": "Lassa Fever",
            "pm_dist": 0.3344354493096074
        },
        {
            "term1": "Filoviridae",
            "term2": "Ebolavirus",
            "pm_dist": 0.0250589062198854
        },
        {
            "term1": "Filoviridae",
            "term2": "Hemorrhagic Fever, Ebola",
            "pm_dist": 0.09751988778602538
        },
        {
            "term1": "Filoviridae",
            "term2": "Marburg Virus Disease",
            "pm_dist": 0.16935644176107875
        },
        {
            "term1": "Filoviridae",
            "term2": "Marburgvirus",
            "pm_dist": 0.11607399377774333
        },
        {
            "term1": "Filoviridae",
            "term2": "ebola",
            "pm_dist": 0.07176722592730578
        },
        {
            "term1": "Filoviridae",
            "term2": "Democratic Republic of the Congo",
            "pm_dist": 0.3375025013073385
        },
        {
            "term1": "Filoviridae",
            "term2": "Lassa virus",
            "pm_dist": 0.31339600331099826
        },
        {
            "term1": "Filoviridae",
            "term2": "Centers for Disease Control and Prevention (U.S.)",
            "pm_dist": 10000
        },
        {
            "term1": "Filoviridae",
            "term2": "Ebola Vaccines",
            "pm_dist": 0.24285315441279248
        },
        {
            "term1": "Filoviridae",
            "term2": "Lassa Fever",
            "pm_dist": 0.34106309235629906
        },
        {
            "term1": "Hemorrhagic Fever, Ebola",
            "term2": "Ebolavirus",
            "pm_dist": 0.07356088529795475
        },
        {
            "term1": "Hemorrhagic Fever, Ebola",
            "term2": "Filoviridae",
            "pm_dist": 0.09751988778602538
        },
        {
            "term1": "Hemorrhagic Fever, Ebola",
            "term2": "Marburg Virus Disease",
            "pm_dist": 0.18214230872304857
        },
        {
            "term1": "Hemorrhagic Fever, Ebola",
            "term2": "Marburgvirus",
            "pm_dist": 0.20864652946084497
        },
        {
            "term1": "Hemorrhagic Fever, Ebola",
            "term2": "ebola",
            "pm_dist": 0.09186217525545651
        },
        {
            "term1": "Hemorrhagic Fever, Ebola",
            "term2": "Democratic Republic of the Congo",
            "pm_dist": 0.3348654654319132
        },
        {
            "term1": "Hemorrhagic Fever, Ebola",
            "term2": "Lassa virus",
            "pm_dist": 0.43269584809212047
        },
        {
            "term1": "Hemorrhagic Fever, Ebola",
            "term2": "Centers for Disease Control and Prevention (U.S.)",
            "pm_dist": 10000
        },
        {
            "term1": "Hemorrhagic Fever, Ebola",
            "term2": "Ebola Vaccines",
            "pm_dist": 0.18547523701472846
        },
        {
            "term1": "Hemorrhagic Fever, Ebola",
            "term2": "Lassa Fever",
            "pm_dist": 0.3300763601473302
        },
        {
            "term1": "Marburg Virus Disease",
            "term2": "Ebolavirus",
            "pm_dist": 0.20338015604289156
        },
        {
            "term1": "Marburg Virus Disease",
            "term2": "Filoviridae",
            "pm_dist": 0.16935644176107875
        },
        {
            "term1": "Marburg Virus Disease",
            "term2": "Hemorrhagic Fever, Ebola",
            "pm_dist": 0.18214230872304857
        },
        {
            "term1": "Marburg Virus Disease",
            "term2": "Marburgvirus",
            "pm_dist": 0.06630995121987794
        },
        {
            "term1": "Marburg Virus Disease",
            "term2": "ebola",
            "pm_dist": 0.23681959533538127
        },
        {
            "term1": "Marburg Virus Disease",
            "term2": "Democratic Republic of the Congo",
            "pm_dist": 0.4381529249171776
        },
        {
            "term1": "Marburg Virus Disease",
            "term2": "Lassa virus",
            "pm_dist": 0.3151981078417018
        },
        {
            "term1": "Marburg Virus Disease",
            "term2": "Centers for Disease Control and Prevention (U.S.)",
            "pm_dist": 10000
        },
        {
            "term1": "Marburg Virus Disease",
            "term2": "Ebola Vaccines",
            "pm_dist": 0.2644633319024407
        },
        {
            "term1": "Marburg Virus Disease",
            "term2": "Lassa Fever",
            "pm_dist": 0.18054951979945258
        },
        {
            "term1": "Marburgvirus",
            "term2": "Ebolavirus",
            "pm_dist": 0.15605712379432848
        },
        {
            "term1": "Marburgvirus",
            "term2": "Filoviridae",
            "pm_dist": 0.11607399377774333
        },
        {
            "term1": "Marburgvirus",
            "term2": "Hemorrhagic Fever, Ebola",
            "pm_dist": 0.20864652946084497
        },
        {
            "term1": "Marburgvirus",
            "term2": "Marburg Virus Disease",
            "pm_dist": 0.06630995121987794
        },
        {
            "term1": "Marburgvirus",
            "term2": "ebola",
            "pm_dist": 0.2128644677033621
        },
        {
            "term1": "Marburgvirus",
            "term2": "Democratic Republic of the Congo",
            "pm_dist": 0.43481144432918967
        },
        {
            "term1": "Marburgvirus",
            "term2": "Lassa virus",
            "pm_dist": 0.23078071208320314
        },
        {
            "term1": "Marburgvirus",
            "term2": "Centers for Disease Control and Prevention (U.S.)",
            "pm_dist": 10000
        },
        {
            "term1": "Marburgvirus",
            "term2": "Ebola Vaccines",
            "pm_dist": 0.2751873922634395
        },
        {
            "term1": "Marburgvirus",
            "term2": "Lassa Fever",
            "pm_dist": 0.32159788248095567
        },
        {
            "term1": "ebola",
            "term2": "Ebolavirus",
            "pm_dist": 0.07822221633723905
        },
        {
            "term1": "ebola",
            "term2": "Filoviridae",
            "pm_dist": 0.07176722592730578
        },
        {
            "term1": "ebola",
            "term2": "Hemorrhagic Fever, Ebola",
            "pm_dist": 0.09186217525545651
        },
        {
            "term1": "ebola",
            "term2": "Marburg Virus Disease",
            "pm_dist": 0.23681959533538127
        },
        {
            "term1": "ebola",
            "term2": "Marburgvirus",
            "pm_dist": 0.2128644677033621
        },
        {
            "term1": "ebola",
            "term2": "Democratic Republic of the Congo",
            "pm_dist": 0.32180784773411747
        },
        {
            "term1": "ebola",
            "term2": "Lassa virus",
            "pm_dist": 0.3757159008650354
        },
        {
            "term1": "ebola",
            "term2": "Centers for Disease Control and Prevention (U.S.)",
            "pm_dist": 10000
        },
        {
            "term1": "ebola",
            "term2": "Ebola Vaccines",
            "pm_dist": 0.24896482818469823
        },
        {
            "term1": "ebola",
            "term2": "Lassa Fever",
            "pm_dist": 0.3606882813365765
        },
        {
            "term1": "Democratic Republic of the Congo",
            "term2": "Ebolavirus",
            "pm_dist": 0.3487924793358404
        },
        {
            "term1": "Democratic Republic of the Congo",
            "term2": "Filoviridae",
            "pm_dist": 0.3375025013073385
        },
        {
            "term1": "Democratic Republic of the Congo",
            "term2": "Hemorrhagic Fever, Ebola",
            "pm_dist": 0.3348654654319132
        },
        {
            "term1": "Democratic Republic of the Congo",
            "term2": "Marburg Virus Disease",
            "pm_dist": 0.4381529249171776
        },
        {
            "term1": "Democratic Republic of the Congo",
            "term2": "Marburgvirus",
            "pm_dist": 0.43481144432918967
        },
        {
            "term1": "Democratic Republic of the Congo",
            "term2": "ebola",
            "pm_dist": 0.32180784773411747
        },
        {
            "term1": "Democratic Republic of the Congo",
            "term2": "Lassa virus",
            "pm_dist": 0.7260900603409378
        },
        {
            "term1": "Democratic Republic of the Congo",
            "term2": "Centers for Disease Control and Prevention (U.S.)",
            "pm_dist": 10000
        },
        {
            "term1": "Democratic Republic of the Congo",
            "term2": "Ebola Vaccines",
            "pm_dist": 0.577188321312125
        },
        {
            "term1": "Democratic Republic of the Congo",
            "term2": "Lassa Fever",
            "pm_dist": 0.7230447177073094
        },
        {
            "term1": "Lassa virus",
            "term2": "Ebolavirus",
            "pm_dist": 0.31339600331099826
        },
        {
            "term1": "Lassa virus",
            "term2": "Filoviridae",
            "pm_dist": 0.31339600331099826
        },
        {
            "term1": "Lassa virus",
            "term2": "Hemorrhagic Fever, Ebola",
            "pm_dist": 0.43269584809212047
        },
        {
            "term1": "Lassa virus",
            "term2": "Marburg Virus Disease",
            "pm_dist": 0.3151981078417018
        },
        {
            "term1": "Lassa virus",
            "term2": "Marburgvirus",
            "pm_dist": 0.23078071208320314
        },
        {
            "term1": "Lassa virus",
            "term2": "ebola",
            "pm_dist": 0.3757159008650354
        },
        {
            "term1": "Lassa virus",
            "term2": "Democratic Republic of the Congo",
            "pm_dist": 0.7260900603409378
        },
        {
            "term1": "Lassa virus",
            "term2": "Centers for Disease Control and Prevention (U.S.)",
            "pm_dist": 10000
        },
        {
            "term1": "Lassa virus",
            "term2": "Ebola Vaccines",
            "pm_dist": 10000
        },
        {
            "term1": "Lassa virus",
            "term2": "Lassa Fever",
            "pm_dist": 0.07435922957788885
        },
        {
            "term1": "Centers for Disease Control and Prevention (U.S.)",
            "term2": "Ebolavirus",
            "pm_dist": 10000
        },
        {
            "term1": "Centers for Disease Control and Prevention (U.S.)",
            "term2": "Filoviridae",
            "pm_dist": 10000
        },
        {
            "term1": "Centers for Disease Control and Prevention (U.S.)",
            "term2": "Hemorrhagic Fever, Ebola",
            "pm_dist": 10000
        },
        {
            "term1": "Centers for Disease Control and Prevention (U.S.)",
            "term2": "Marburg Virus Disease",
            "pm_dist": 10000
        },
        {
            "term1": "Centers for Disease Control and Prevention (U.S.)",
            "term2": "Marburgvirus",
            "pm_dist": 10000
        },
        {
            "term1": "Centers for Disease Control and Prevention (U.S.)",
            "term2": "ebola",
            "pm_dist": 10000
        },
        {
            "term1": "Centers for Disease Control and Prevention (U.S.)",
            "term2": "Democratic Republic of the Congo",
            "pm_dist": 10000
        },
        {
            "term1": "Centers for Disease Control and Prevention (U.S.)",
            "term2": "Lassa virus",
            "pm_dist": 10000
        },
        {
            "term1": "Centers for Disease Control and Prevention (U.S.)",
            "term2": "Ebola Vaccines",
            "pm_dist": 10000
        },
        {
            "term1": "Centers for Disease Control and Prevention (U.S.)",
            "term2": "Lassa Fever",
            "pm_dist": 10000
        },
        {
            "term1": "Ebola Vaccines",
            "term2": "Ebolavirus",
            "pm_dist": 0.2266750666961118
        },
        {
            "term1": "Ebola Vaccines",
            "term2": "Filoviridae",
            "pm_dist": 0.24285315441279248
        },
        {
            "term1": "Ebola Vaccines",
            "term2": "Hemorrhagic Fever, Ebola",
            "pm_dist": 0.18547523701472846
        },
        {
            "term1": "Ebola Vaccines",
            "term2": "Marburg Virus Disease",
            "pm_dist": 0.2644633319024407
        },
        {
            "term1": "Ebola Vaccines",
            "term2": "Marburgvirus",
            "pm_dist": 0.2751873922634395
        },
        {
            "term1": "Ebola Vaccines",
            "term2": "ebola",
            "pm_dist": 0.24896482818469823
        },
        {
            "term1": "Ebola Vaccines",
            "term2": "Democratic Republic of the Congo",
            "pm_dist": 0.577188321312125
        },
        {
            "term1": "Ebola Vaccines",
            "term2": "Lassa virus",
            "pm_dist": 10000
        },
        {
            "term1": "Ebola Vaccines",
            "term2": "Centers for Disease Control and Prevention (U.S.)",
            "pm_dist": 10000
        },
        {
            "term1": "Ebola Vaccines",
            "term2": "Lassa Fever",
            "pm_dist": 10000
        },
        {
            "term1": "Lassa Fever",
            "term2": "Ebolavirus",
            "pm_dist": 0.3344354493096074
        },
        {
            "term1": "Lassa Fever",
            "term2": "Filoviridae",
            "pm_dist": 0.34106309235629906
        },
        {
            "term1": "Lassa Fever",
            "term2": "Hemorrhagic Fever, Ebola",
            "pm_dist": 0.3300763601473302
        },
        {
            "term1": "Lassa Fever",
            "term2": "Marburg Virus Disease",
            "pm_dist": 0.18054951979945258
        },
        {
            "term1": "Lassa Fever",
            "term2": "Marburgvirus",
            "pm_dist": 0.32159788248095567
        },
        {
            "term1": "Lassa Fever",
            "term2": "ebola",
            "pm_dist": 0.3606882813365765
        },
        {
            "term1": "Lassa Fever",
            "term2": "Democratic Republic of the Congo",
            "pm_dist": 0.7230447177073094
        },
        {
            "term1": "Lassa Fever",
            "term2": "Lassa virus",
            "pm_dist": 0.07435922957788885
        },
        {
            "term1": "Lassa Fever",
            "term2": "Centers for Disease Control and Prevention (U.S.)",
            "pm_dist": 10000
        },
        {
            "term1": "Lassa Fever",
            "term2": "Ebola Vaccines",
            "pm_dist": 10000
        }
    ],
    "tree": {
        "name": "ebola",
        "children": [
            {
                "name": "Filoviridae",
                "children": [
                    {
                        "name": "Ebolavirus",
                        "children": [
                            {
                                "name": "Hemorrhagic Fever, Ebola",
                                "children": [
                                    {
                                        "name": "Ebola Vaccines"
                                    }
                                ]
                            },
                            {
                                "name": "Centers for Disease Control and Prevention (U.S.)"
                            }
                        ]
                    },
                    {
                        "name": "Marburgvirus",
                        "children": [
                            {
                                "name": "Marburg Virus Disease",
                                "children": [
                                    {
                                        "name": "Lassa Fever",
                                        "children": [
                                            {
                                                "name": "Lassa virus"
                                            }
                                        ]
                                    }
                                ]
                            }
                        ]
                    }
                ]
            },
            {
                "name": "Democratic Republic of the Congo"
            }
        ]
    }
}
